latitude,longitude,timestamp,traj_id
-23.8283,94.9158,1695329924.0,0
-24.0652,95.1346,1695329929.0,0
-24.3254,95.3763,1695329935.0,0
-24.5616,95.5969,1695329940.0,0
-24.8209,95.8407,1695329945.0,0
-25.0563,96.0633,1695329950.0,0
-25.3147,96.3093,1695329956.0,0
-25.5492,96.5339,1695329961.0,0
-25.7832,96.7594,1695329966.0,0
-26.0402,97.0086,1695329971.0,0
-26.2734,97.2362,1695329976.0,0
-26.5294,97.4877,1695329982.0,0
-26.7616,97.7174,1695329987.0,0
-26.9934,97.9481,1695329992.0,0
-27.2479,98.2031,1695329997.0,0
-27.4787,98.436,1695330002.0,0
-27.7322,98.6935,1695330008.0,0
-27.9621,98.9287,1695330013.0,0
-28.1915,99.165,1695330018.0,0
-28.4433,99.4261,1695330023.0,0
-28.6717,99.6647,1695330028.0,0
-28.9223,99.9285,1695330034.0,0
-29.1496,100.1694,1695330039.0,0
-29.3764,100.4116,1695330044.0,0
-29.6252,100.6793,1695330049.0,0
-29.8509,100.9239,1695330054.0,0
-30.0987,101.1945,1695330060.0,0
-30.3232,101.4417,1695330065.0,0
-30.5472,101.69,1695330070.0,0
-30.793,101.9647,1695330075.0,0
-31.0158,102.2157,1695330080.0,0
-31.2602,102.4933,1695330086.0,0
-31.4818,102.747,1695330091.0,0
-31.7028,103.002,1695330096.0,0
-31.9452,103.284,1695330101.0,0
-32.1649,103.5418,1695330106.0,0
-32.384,103.8009,1695330111.0,0
-32.6244,104.0875,1695330117.0,0
-32.8422,104.3495,1695330122.0,0
-33.081,104.6393,1695330127.0,0
-33.2974,104.9042,1695330132.0,0
-33.5132,105.1705,1695330137.0,0
-33.7498,105.4652,1695330143.0,0
-33.9641,105.7345,1695330148.0,0
-34.1991,106.0325,1695330154.0,0
-34.412,106.305,1695330159.0,0
-34.6242,106.5789,1695330164.0,0
-34.8568,106.882,1695330169.0,0
-35.0675,107.1592,1695330174.0,0
-35.2774,107.4378,1695330179.0,0
-35.5075,107.7461,1695330185.0,0
-35.7158,108.028,1695330190.0,0
-35.9442,108.3401,1695330195.0,0
-36.1509,108.6253,1695330200.0,0
-36.3569,108.9123,1695330205.0,0
-36.5825,109.2297,1695330211.0,0
-36.7868,109.5201,1695330216.0,0
-36.9902,109.8121,1695330221.0,0
-37.213,110.1352,1695330226.0,0
-37.4147,110.4307,1695330231.0,0
-37.6356,110.7577,1695330237.0,0
-37.8355,111.0568,1695330242.0,0
-38.0345,111.3577,1695330247.0,0
-38.2524,111.6907,1695330252.0,0
-38.4496,111.9952,1695330257.0,0
-38.6458,112.3016,1695330262.0,0
-38.8606,112.6406,1695330268.0,0
-39.0549,112.9507,1695330273.0,0
-39.2675,113.2939,1695330278.0,0
-39.4599,113.6079,1695330283.0,0
-39.6512,113.9237,1695330288.0,0
-39.8605,114.2732,1695330294.0,0
-40.0498,114.593,1695330299.0,0
-40.2568,114.9469,1695330304.0,0
-40.444,115.2706,1695330309.0,0
-40.6301,115.5962,1695330314.0,0
-40.8336,115.9566,1695330320.0,0
-41.0175,116.2863,1695330325.0,0
-41.2003,116.618,1695330330.0,0
-41.4002,116.9851,1695330335.0,0
-41.5807,117.3209,1695330340.0,0
-41.778,117.6926,1695330346.0,0
-41.9562,118.0326,1695330351.0,0
-42.1332,118.3747,1695330356.0,0
-42.3266,118.7532,1695330361.0,0
-42.5012,119.0995,1695330366.0,0
-42.6919,119.4827,1695330372.0,0
-42.864,119.8333,1695330377.0,0
-43.0349,120.186,1695330382.0,0
-43.2215,120.5764,1695330387.0,0
-43.3898,120.9334,1695330392.0,0
-43.5569,121.2926,1695330397.0,0
-43.7392,121.6901,1695330403.0,0
-43.9035,122.0538,1695330408.0,0
-44.0829,122.4562,1695330413.0,0
-44.2445,122.8242,1695330418.0,0
-44.4048,123.1943,1695330423.0,0
-44.5796,123.604,1695330429.0,0
-44.737,123.9787,1695330434.0,0
-44.9087,124.3934,1695330439.0,0
-45.0632,124.7726,1695330444.0,0
-45.2164,125.154,1695330449.0,0
-45.3832,125.576,1695330455.0,0
-45.5334,125.962,1695330460.0,0
-45.6821,126.3501,1695330465.0,0
-45.844,126.7796,1695330470.0,0
-45.9896,127.1723,1695330476.0,0
-46.148,127.6067,1695330481.0,0
-46.2904,128.0039,1695330486.0,0
-46.4313,128.4033,1695330491.0,0
-46.5844,128.8451,1695330497.0,0
-46.7221,129.249,1695330502.0,0
-46.8716,129.6958,1695330507.0,0
-47.0059,130.1043,1695330512.0,0
-47.1385,130.5149,1695330517.0,0
-47.2825,130.969,1695330523.0,0
-47.4118,131.3842,1695330528.0,0
-47.552,131.8433,1695330533.0,0
-47.6777,132.2628,1695330538.0,0
-47.8017,132.6845,1695330543.0,0
-47.9361,133.1507,1695330549.0,0
-48.0565,133.5769,1695330554.0,0
-48.1869,134.0479,1695330559.0,0
-48.3036,134.4784,1695330564.0,0
-48.4185,134.9108,1695330569.0,0
-48.5428,135.3889,1695330575.0,0
-48.654,135.8256,1695330580.0,0
-48.7633,136.2645,1695330585.0,0
-48.8814,136.7495,1695330590.0,0
-48.9869,137.1924,1695330595.0,0
-49.1007,137.6819,1695330601.0,0
-49.2022,138.1289,1695330606.0,0
-49.3018,138.5777,1695330611.0,0
-49.4091,139.0736,1695330616.0,0
-49.5047,139.5266,1695330621.0,0
-49.5984,139.9813,1695330626.0,0
-49.6991,140.4835,1695330632.0,0
-49.7886,140.9419,1695330637.0,0
-49.8847,141.4482,1695330642.0,0
-49.97,141.9103,1695330647.0,0
-50.0533,142.3741,1695330652.0,0
-50.1426,142.8863,1695330658.0,0
-50.2216,143.3537,1695330663.0,0
-50.3062,143.8695,1695330668.0,0
-50.3809,144.34,1695330673.0,0
-50.4534,144.812,1695330678.0,0
-50.5309,145.3331,1695330684.0,0
-50.5991,145.8083,1695330689.0,0
-50.6717,146.3328,1695330694.0,0
-50.7354,146.8109,1695330699.0,0
-50.8031,147.3385,1695330705.0,0
-50.8623,147.8194,1695330710.0,0
-50.9194,148.3017,1695330715.0,0
-50.9797,148.8336,1695330720.0,0
-51.0322,149.3182,1695330725.0,0
-51.0875,149.8527,1695330731.0,0
-51.1354,150.3396,1695330736.0,0
-51.1811,150.8277,1695330741.0,0
-51.2288,151.3656,1695330746.0,0
-51.2698,151.8556,1695330751.0,0
-51.3087,152.3465,1695330756.0,0
-51.3488,152.8875,1695330762.0,0
-51.3829,153.3802,1695330767.0,0
-51.4178,153.9229,1695330772.0,0
-51.4472,154.4174,1695330777.0,0
-51.4743,154.9121,1695330782.0,0
-51.5015,155.4572,1695330788.0,0
-51.5238,155.9532,1695330793.0,0
-51.5439,156.4497,1695330798.0,0
-51.5634,156.9963,1695330804.0,0
-51.5786,157.4935,1695330809.0,0
-51.5928,158.0412,1695330814.0,0
-51.6033,158.5391,1695330819.0,0
-51.6115,159.0372,1695330824.0,0
-51.6178,159.5854,1695330830.0,0
-51.6212,160.0838,1695330835.0,0
-51.6223,160.5824,1695330840.0,0
-51.6208,161.1307,1695330845.0,0
-51.6171,161.6291,1695330850.0,0
-51.611,162.1275,1695330855.0,0
-51.6017,162.6754,1695330861.0,0
-51.5909,163.1733,1695330866.0,0
-51.5763,163.7207,1695330871.0,0
-51.5606,164.218,1695330876.0,0
-51.5427,164.7149,1695330881.0,0
-51.5203,165.261,1695330887.0,0
-51.4976,165.7569,1695330892.0,0
-51.47,166.3016,1695330897.0,0
-51.4425,166.7964,1695330902.0,0
-51.4128,167.2906,1695330907.0,0
-51.3775,167.8333,1695330913.0,0
-51.343,168.3258,1695330918.0,0
-51.3063,168.8177,1695330923.0,0
-51.2633,169.3577,1695330928.0,0
-51.2219,169.8477,1695330933.0,0
-51.1737,170.3856,1695330939.0,0
-51.1277,170.8735,1695330944.0,0
-51.0794,171.3604,1695330949.0,0
-51.0237,171.8947,1695330954.0,0
-50.9708,172.3794,1695330959.0,0
-50.9102,172.911,1695330965.0,0
-50.8527,173.3932,1695330970.0,0
-50.7931,173.874,1695330975.0,0
-50.725,174.4015,1695330980.0,0
-50.6609,174.8796,1695330985.0,0
-50.5947,175.3562,1695330990.0,0
-50.5193,175.8789,1695330996.0,0
-50.4487,176.3526,1695331001.0,0
-50.3685,176.8719,1695331006.0,0
-50.2934,177.3424,1695331011.0,0
-50.2085,177.8582,1695331017.0,0
-50.1291,178.3253,1695331022.0,0
-50.0477,178.7909,1695331027.0,0
-49.9558,179.301,1695331032.0,0
-49.8701,179.7629,1695331037.0,0
-49.7735,180.2691,1695331043.0,0
-49.6837,180.7275,1695331048.0,0
-49.5918,181.184,1695331053.0,0
-49.4885,181.6842,1695331058.0,0
-49.3926,182.1369,1695331063.0,0
-49.2848,182.6328,1695331069.0,0
-49.1849,183.0816,1695331074.0,0
-49.083,183.5285,1695331079.0,0
-48.9687,184.0179,1695331084.0,0
-48.8629,184.4607,1695331089.0,0
-48.7552,184.9015,1695331094.0,0
-48.6347,185.3841,1695331100.0,0
-48.5231,185.8207,1695331105.0,0
-48.3984,186.2987,1695331110.0,0
-48.2831,186.7311,1695331115.0,0
-48.166,187.1613,1695331121.0,0
-48.0352,187.6322,1695331126.0,0
-47.9145,188.0582,1695331131.0,0
-47.7796,188.5244,1695331137.0,0
-47.6552,188.9459,1695331142.0,0
-47.5292,189.3653,1695331147.0,0
-47.3886,189.8242,1695331152.0,0
-47.259,190.2392,1695331157.0,0
-47.1145,190.6932,1695331163.0,0
-46.9815,191.1037,1695331168.0,0
-46.8469,191.512,1695331173.0,0
-46.6969,191.9587,1695331178.0,0
-46.5589,192.3625,1695331183.0,0
-46.4194,192.7641,1695331188.0,0
-46.2641,193.2034,1695331194.0,0
-46.1213,193.6005,1695331199.0,0
-45.9625,194.0347,1695331204.0,0
-45.8165,194.4273,1695331209.0,0
-45.669,194.8177,1695331214.0,0
-45.5052,195.2445,1695331220.0,0
-45.3546,195.6303,1695331225.0,0
-45.1874,196.0521,1695331230.0,0
-45.0339,196.4334,1695331235.0,0
-44.8789,196.8125,1695331240.0,0
-44.7069,197.2269,1695331246.0,0
-44.5491,197.6015,1695331251.0,0
-44.3739,198.0111,1695331256.0,0
-44.2132,198.3811,1695331261.0,0
-44.0512,198.749,1695331266.0,0
-43.8715,199.1512,1695331272.0,0
-43.7068,199.5147,1695331277.0,0
-43.5241,199.912,1695331282.0,0
-43.3566,200.271,1695331287.0,0
-43.188,200.628,1695331292.0,0
-43.001,201.0182,1695331298.0,0
-42.8297,201.3708,1695331303.0,0
-42.6399,201.7562,1695331308.0,0
-42.466,202.1045,1695331313.0,0
-42.291,202.4507,1695331318.0,0
-42.0972,202.8292,1695331324.0,0
-41.9198,203.1711,1695331329.0,0
-41.7233,203.5448,1695331334.0,0
-41.5435,203.8825,1695331339.0,0
-41.3626,204.2183,1695331344.0,0
-41.1623,204.5853,1695331350.0,0
-40.9791,204.9169,1695331355.0,0
-40.7763,205.2794,1695331360.0,0
-40.5908,205.6069,1695331365.0,0
-40.4043,205.9325,1695331370.0,0
-40.198,206.2883,1695331376.0,0
-40.0093,206.6098,1695331381.0,0
-39.8006,206.9614,1695331386.0,0
-39.6099,207.279,1695331391.0,0
-39.4181,207.5947,1695331396.0,0
-39.2061,207.9399,1695331402.0,0
-39.0123,208.2518,1695331407.0,0
-38.8176,208.5619,1695331412.0,0
-38.6024,208.9008,1695331417.0,0
-38.4057,209.207,1695331422.0,0
-38.1884,209.5419,1695331428.0,0
-37.97,209.8746,1695331433.0,0
-37.7704,210.1752,1695331438.0,0
-37.57,210.4741,1695331443.0,0
-37.3486,210.8009,1695331449.0,0
-37.1464,211.0962,1695331454.0,0
-36.923,211.4191,1695331460.0,0
-36.7191,211.7109,1695331465.0,0
-36.5143,212.0011,1695331470.0,0
-36.2882,212.3183,1695331475.0,0
-36.0818,212.6049,1695331480.0,0
-35.8745,212.89,1695331485.0,0
-35.6457,213.2018,1695331491.0,0
-35.4368,213.4835,1695331496.0,0
-35.2062,213.7917,1695331501.0,0
-34.9958,214.0702,1695331506.0,0
-34.7846,214.3471,1695331511.0,0
-34.5515,214.65,1695331517.0,0
-34.3388,214.9238,1695331522.0,0
-34.1254,215.1961,1695331527.0,0
-33.8899,215.4939,1695331532.0,0
-33.6535,215.7899,1695331538.0,0
-33.4379,216.0575,1695331543.0,0
-33.2216,216.3237,1695331548.0,0
-32.983,216.6149,1695331553.0,0
-32.7654,216.8781,1695331558.0,0
-32.5253,217.166,1695331564.0,0
-32.3063,217.4263,1695331569.0,0
-32.0867,217.6853,1695331574.0,0
-31.8444,217.9686,1695331579.0,0
-31.6235,218.2248,1695331584.0,0
-31.3798,218.5051,1695331590.0,0
-31.1577,218.7586,1695331595.0,0
-30.935,219.0107,1695331600.0,0
-30.6893,219.2866,1695331605.0,0
-30.4654,219.5361,1695331610.0,0
-30.241,219.7843,1695331615.0,0
-29.9934,220.056,1695331621.0,0
-29.7678,220.3016,1695331626.0,0
-29.519,220.5706,1695331631.0,0
-29.2923,220.8138,1695331636.0,0
-29.0649,221.0559,1695331641.0,0
-28.8144,221.3208,1695331647.0,0
-28.586,221.5604,1695331652.0,0
-28.3572,221.7989,1695331657.0,0
-28.1049,222.0599,1695331662.0,0
-27.875,222.2961,1695331667.0,0
-27.6216,222.5546,1695331673.0,0
-27.3907,222.7886,1695331678.0,0
-27.1594,223.0214,1695331683.0,0
-26.9044,223.2764,1695331688.0,0
-26.6721,223.507,1695331693.0,0
-26.4393,223.7367,1695331698.0,0
-26.1828,223.9881,1695331704.0,0
-25.9492,224.2156,1695331709.0,0
-25.6916,224.4648,1695331714.0,0
-25.4571,224.6903,1695331719.0,0
-25.2221,224.9149,1695331724.0,0
-24.9631,225.1608,1695331730.0,0
-24.7273,225.3834,1695331735.0,0
-24.4675,225.6271,1695331740.0,0
-24.2308,225.8478,1695331745.0,0
-23.9938,226.0675,1695331750.0,0
-23.7326,226.3083,1695331756.0,0
-23.4948,226.5262,1695331761.0,0
-23.2566,226.7433,1695331766.0,0
-22.9941,226.9811,1695331772.0,0
-22.7552,227.1964,1695331777.0,0
-22.4919,227.4323,1695331782.0,0
-22.2522,227.6459,1695331787.0,0
-21.9882,227.8799,1695331793.0,0
-21.7478,228.0918,1695331798.0,0
-21.5071,228.303,1695331803.0,0
-21.2419,228.5343,1695331808.0,0
-21.0005,228.744,1695331813.0,0
-20.7588,228.9528,1695331818.0,0
-20.4926,229.1816,1695331824.0,0
-20.2502,229.3889,1695331829.0,0
-19.9833,229.616,1695331834.0,0
-19.7404,229.8218,1695331839.0,0
-19.4971,230.027,1695331844.0,0
-19.2292,230.2519,1695331850.0,0
-18.9853,230.4556,1695331855.0,0
-18.7412,230.6586,1695331860.0,0
-18.4724,230.8812,1695331865.0,0
-18.2277,231.0829,1695331870.0,0
-17.9583,231.304,1695331876.0,0
-17.7131,231.5044,1695331881.0,0
-17.4677,231.7042,1695331886.0,0
-17.1974,231.9234,1695331891.0,0
-16.9513,232.122,1695331896.0,0
-16.7051,232.32,1695331901.0,0
-16.434,232.5371,1695331907.0,0
-16.1873,232.73399999999998,1695331912.0,0
-15.9156,232.9499,1695331917.0,0
-15.6684,233.1456,1695331922.0,0
-15.421,233.3408,1695331927.0,0
-15.1486,233.555,1695331933.0,0
-14.9008,233.7491,1695331938.0,0
-14.6279,233.96210000000002,1695331943.0,0
-14.3797,234.15519999999998,1695331948.0,0
-14.1312,234.3478,1695331953.0,0
-13.8577,234.5592,1695331959.0,0
-13.6087,234.751,1695331964.0,0
-13.3597,234.9422,1695331969.0,0
-13.0855,235.152,1695331974.0,0
-12.836,235.3424,1695331979.0,0
-12.5865,235.53230000000002,1695331984.0,0
-12.3117,235.7407,1695331990.0,0
-12.0618,235.9298,1695331995.0,0
-11.7866,236.13729999999998,1695332000.0,0
-11.5364,236.3256,1695332005.0,0
-11.2859,236.5135,1695332010.0,0
-11.0102,236.71980000000002,1695332016.0,0
-10.7595,236.9069,1695332021.0,0
-10.4835,237.11239999999998,1695332026.0,0
-10.2324,237.2988,1695332031.0,0
-9.9812,237.485,1695332036.0,0
-9.7048,237.6893,1695332042.0,0
-9.4533,237.8748,1695332047.0,0
-9.2018,238.0599,1695332052.0,0
-8.9249,238.26319999999998,1695332057.0,0
-8.6731,238.4478,1695332062.0,0
-8.396,238.6505,1695332068.0,0
-8.1439,238.8345,1695332073.0,0
-7.8917,239.01819999999998,1695332078.0,0
-7.6142,239.2201,1695332083.0,0
-7.3618,239.4033,1695332088.0,0
-7.1094,239.5863,1695332094.0,0
-6.8315,239.78730000000002,1695332099.0,0
-6.5788,239.9699,1695332104.0,0
-6.3008,240.1705,1695332110.0,0
-6.0479,240.3526,1695332115.0,0
-5.795,240.5346,1695332120.0,0
-5.5166,240.7345,1695332125.0,0
-5.2636,240.916,1695332130.0,0
-5.0104,241.0975,1695332135.0,0
-4.7319,241.2969,1695332141.0,0
-4.4786,241.478,1695332146.0,0
-4.1999,241.67700000000002,1695332151.0,0
-3.9465,241.8578,1695332156.0,0
-3.693,242.0385,1695332161.0,0
-3.4142,242.2371,1695332167.0,0
-3.1606,242.4176,1695332172.0,0
-2.8816,242.61599999999999,1695332177.0,0
-2.628,242.7963,1695332182.0,0
-2.349,242.99450000000002,1695332188.0,0
-2.0953,243.1746,1695332193.0,0
-1.8415,243.35469999999998,1695332198.0,0
-1.5624,243.55270000000002,1695332203.0,0
-1.3086,243.7326,1695332208.0,0
-1.0548,243.9125,1695332213.0,0
-0.7755,244.1104,1695332219.0,0
-0.5217,244.2903,1695332224.0,0
-0.2425,244.4881,1695332229.0,0
0.0114,244.6679,1695332234.0,0
0.2652,244.8478,1695332239.0,0
0.5445,245.04559999999998,1695332245.0,0
0.7984,245.2255,1695332250.0,0
1.0776,245.42340000000002,1695332255.0,0
1.3315,245.6034,1695332260.0,0
1.5854,245.7834,1695332265.0,0
1.8646,245.9814,1695332271.0,0
2.1184,246.16160000000002,1695332276.0,0
2.3722,246.3418,1695332281.0,0
2.6514,246.5401,1695332286.0,0
2.9051,246.72039999999998,1695332291.0,0
3.1842,246.9189,1695332297.0,0
3.4378,247.0995,1695332302.0,0
3.7168,247.29829999999998,1695332307.0,0
3.9704,247.47910000000002,1695332312.0,0
4.2239,247.6599,1695332317.0,0
4.5027,247.8591,1695332323.0,0
4.7561,248.0403,1695332328.0,0
5.0348,248.2399,1695332333.0,0
5.2881,248.4214,1695332338.0,0
5.5414,248.60320000000002,1695332343.0,0
5.8199,248.80329999999998,1695332349.0,0
6.073,248.9854,1695332354.0,0
6.3261,249.1677,1695332359.0,0
6.6043,249.36849999999998,1695332364.0,0
6.8825,249.5695,1695332370.0,0
7.1353,249.7525,1695332375.0,0
7.388,249.9357,1695332380.0,0
7.6657,250.1374,1695332385.0,0
7.9182,250.3211,1695332390.0,0
8.1958,250.5235,1695332396.0,0
8.4481,250.7077,1695332401.0,0
8.7003,250.8922,1695332406.0,0
8.9775,251.09550000000002,1695332412.0,0
9.2294,251.2806,1695332417.0,0
9.4812,251.466,1695332422.0,0
9.7581,251.6703,1695332427.0,0
10.0349,251.875,1695332433.0,0
10.2863,252.0614,1695332438.0,0
10.5628,252.26690000000002,1695332443.0,0
10.8139,252.454,1695332448.0,0
11.0649,252.6414,1695332453.0,0
11.3409,252.8481,1695332459.0,0
11.5916,253.03629999999998,1695332464.0,0
11.8672,253.2438,1695332469.0,0
12.1176,253.43290000000002,1695332474.0,0
12.3679,253.6223,1695332479.0,0
12.643,253.8312,1695332485.0,0
12.893,254.0215,1695332490.0,0
13.1677,254.2314,1695332495.0,0
13.4172,254.4226,1695332500.0,0
13.6666,254.61419999999998,1695332505.0,0
13.9407,254.8256,1695332511.0,0
14.1897,255.01819999999998,1695332516.0,0
14.4634,255.23059999999998,1695332521.0,0
14.712,255.42419999999998,1695332526.0,0
14.9604,255.6183,1695332531.0,0
15.2334,255.83249999999998,1695332537.0,0
15.4814,256.0276,1695332542.0,0
15.7291,256.2233,1695332547.0,0
16.0014,256.4392,1695332552.0,0
16.2488,256.63599999999997,1695332557.0,0
16.5206,256.8532,1695332563.0,0
16.7674,257.0512,1695332568.0,0
17.014,257.2497,1695332573.0,0
17.2851,257.4688,1695332578.0,0
17.5312,257.66859999999997,1695332583.0,0
17.7771,257.869,1695332588.0,0
18.0473,258.0902,1695332594.0,0
18.2927,258.2919,1695332599.0,0
18.5623,258.5145,1695332604.0,0
18.8071,258.7176,1695332609.0,0
19.0517,258.9213,1695332614.0,0
19.3203,259.1461,1695332620.0,0
19.5643,259.3512,1695332625.0,0
19.8324,259.5776,1695332630.0,0
20.0758,259.7842,1695332635.0,0
20.3189,259.9915,1695332640.0,0
20.586,260.2203,1695332646.0,0
20.8284,260.4291,1695332651.0,0
21.0948,260.6597,1695332656.0,0
21.3366,260.8701,1695332661.0,0
21.5781,261.08119999999997,1695332666.0,0
21.8434,261.3144,1695332672.0,0
22.0842,261.5271,1695332677.0,0
22.3247,261.7407,1695332682.0,0
22.5888,261.9766,1695332687.0,0
22.8286,262.19190000000003,1695332692.0,0
23.092,262.4297,1695332698.0,0
23.331,262.6468,1695332703.0,0
23.5697,262.8648,1695332708.0,0
23.8318,263.1055,1695332713.0,0
24.0698,263.32529999999997,1695332718.0,0
24.3311,263.5682,1695332724.0,0
24.5682,263.7899,1695332729.0,0
24.8049,264.0125,1695332734.0,0
25.0648,264.2584,1695332740.0,0
25.3007,264.483,1695332745.0,0
25.5597,264.73109999999997,1695332750.0,0
25.7948,264.9578,1695332755.0,0
26.0529,265.20820000000003,1695332761.0,0
26.287,265.4369,1695332766.0,0
26.5207,265.6666,1695332771.0,0
26.7773,265.9205,1695332776.0,0
27.0101,266.1524,1695332781.0,0
27.2656,266.4086,1695332787.0,0
27.4974,266.6427,1695332792.0,0
27.7287,266.8779,1695332797.0,0
27.9827,267.1379,1695332802.0,0
28.213,267.3753,1695332807.0,0
28.4659,267.6379,1695332813.0,0
28.6952,267.8777,1695332818.0,0
28.924,268.1187,1695332823.0,0
29.1751,268.3852,1695332828.0,0
29.4029,268.6286,1695332833.0,0
29.6528,268.8978,1695332839.0,0
29.8794,269.14369999999997,1695332844.0,0
30.1055,269.3909,1695332849.0,0
30.3536,269.6642,1695332854.0,0
30.5785,269.914,1695332859.0,0
30.8253,270.1902,1695332865.0,0
31.049,270.4427,1695332870.0,0
31.2722,270.6964,1695332875.0,0
31.517,270.977,1695332880.0,0
31.739,271.2335,1695332885.0,0
31.9603,271.4913,1695332890.0,0
32.2031,271.7765,1695332896.0,0
32.4231,272.0372,1695332901.0,0
32.6644,272.32550000000003,1695332906.0,0
32.8831,272.58910000000003,1695332911.0,0
33.1012,272.8541,1695332916.0,0
33.3403,273.1473,1695332922.0,0
33.557,273.4153,1695332927.0,0
33.7729,273.6847,1695332932.0,0
34.0097,273.9828,1695332937.0,0
34.2243,274.25530000000003,1695332942.0,0
34.4595,274.5569,1695332948.0,0
34.6726,274.8326,1695332953.0,0
34.9061,275.1377,1695332958.0,0
35.1176,275.4167,1695332963.0,0
35.3284,275.6972,1695332968.0,0
35.5595,276.0076,1695332974.0,0
35.7686,276.2914,1695332979.0,0
35.9771,276.5769,1695332984.0,0
36.2054,276.89279999999997,1695332989.0,0
36.4122,277.1816,1695332994.0,0
36.6387,277.5012,1695333000.0,0
36.8437,277.79359999999997,1695333005.0,0
37.048,278.0877,1695333010.0,0
37.2716,278.413,1695333015.0,0
37.4741,278.7107,1695333020.0,0
37.6958,279.04,1695333026.0,0
37.8965,279.3413,1695333031.0,0
38.0962,279.6444,1695333036.0,0
38.3149,279.9798,1695333041.0,0
38.5128,280.2865,1695333046.0,0
38.7293,280.626,1695333052.0,0
38.9253,280.9366,1695333057.0,0
39.1202,281.249,1695333062.0,0
39.3336,281.5948,1695333068.0,0
39.5265,281.911,1695333073.0,0
39.7185,282.2292,1695333078.0,0
39.9285,282.5813,1695333083.0,0
40.1183,282.9035,1695333088.0,0
40.326,283.26009999999997,1695333094.0,0
40.5137,283.5863,1695333099.0,0
40.7004,283.9145,1695333104.0,0
40.9046,284.2778,1695333109.0,0
41.089,284.6101,1695333114.0,0
41.2907,284.9779,1695333120.0,0
41.4728,285.3144,1695333125.0,0
41.6538,285.6528,1695333130.0,0
41.8516,286.02750000000003,1695333135.0,0
42.0481,286.4047,1695333141.0,0
42.2254,286.7497,1695333146.0,0
42.4016,287.0967,1695333151.0,0
42.5941,287.4809,1695333156.0,0
42.7678,287.83230000000003,1695333161.0,0
42.9403,288.1858,1695333166.0,0
43.1286,288.577,1695333172.0,0
43.2985,288.93489999999997,1695333177.0,0
43.4839,289.3311,1695333182.0,0
43.6511,289.6935,1695333187.0,0
43.8171,290.058,1695333192.0,0
43.9981,290.4614,1695333198.0,0
44.1612,290.8304,1695333203.0,0
44.3231,291.2016,1695333208.0,0
44.4996,291.6124,1695333213.0,0
44.6585,291.98810000000003,1695333218.0,0
44.8318,292.4039,1695333224.0,0
44.9879,292.7842,1695333229.0,0
45.1426,293.1667,1695333234.0,0
45.311,293.5899,1695333239.0,0
45.4627,293.9769,1695333244.0,0
45.6278,294.4053,1695333250.0,0
45.7764,294.7969,1695333255.0,0
45.9234,295.19079999999997,1695333260.0,0
46.0834,295.6266,1695333265.0,0
46.2273,296.0251,1695333270.0,0
46.3838,296.4659,1695333276.0,0
46.5243,296.869,1695333281.0,0
46.6633,297.2742,1695333286.0,0
46.8144,297.72249999999997,1695333291.0,0
46.9501,298.1324,1695333296.0,0
47.0842,298.5444,1695333301.0,0
47.2297,299.0002,1695333307.0,0
47.3603,299.4168,1695333312.0,0
47.502,299.8775,1695333317.0,0
47.629,300.2987,1695333322.0,0
47.7668,300.7643,1695333328.0,0
47.8902,301.1899,1695333333.0,0
48.0119,301.6177,1695333338.0,0
48.1437,302.0906,1695333343.0,0
48.2617,302.5226,1695333348.0,0
48.3894,303.0003,1695333354.0,0
48.5036,303.4368,1695333359.0,0
48.616,303.8754,1695333364.0,0
48.7375,304.3601,1695333369.0,0
48.846,304.803,1695333374.0,0
48.9632,305.2924,1695333380.0,0
49.0781,305.7841,1695333386.0,0
49.1806,306.2333,1695333391.0,0
49.2811,306.6844,1695333396.0,0
49.3895,307.1827,1695333401.0,0
49.486,307.6377,1695333406.0,0
49.5898,308.1404,1695333412.0,0
49.6821,308.5992,1695333417.0,0
49.7725,309.0598,1695333422.0,0
49.8695,309.5687,1695333427.0,0
49.9556,310.0332,1695333432.0,0
50.0397,310.4992,1695333437.0,0
50.1298,311.0139,1695333443.0,0
50.2096,311.4836,1695333448.0,0
50.2873,311.9548,1695333453.0,0
50.3703,312.4751,1695333458.0,0
50.4436,312.9495,1695333463.0,0
50.5218,313.4733,1695333469.0,0
50.5906,313.951,1695333474.0,0
50.6573,314.43,1695333479.0,0
50.7282,314.9585,1695333484.0,0
50.7904,315.4406,1695333489.0,0
50.8563,315.9723,1695333495.0,0
50.9139,316.457,1695333500.0,0
50.9693,316.9429,1695333505.0,0
51.0277,317.4788,1695333510.0,0
51.0785,317.9672,1695333515.0,0
51.1318,318.5056,1695333521.0,0
51.1779,318.9963,1695333526.0,0
51.2217,319.4879,1695333531.0,0
51.2674,320.0298,1695333536.0,0
51.3066,320.5234,1695333541.0,0
51.347,321.0672,1695333547.0,0
51.3814,321.5625,1695333552.0,0
51.4135,322.0585,1695333557.0,0
51.4462,322.6049,1695333562.0,0
51.4735,323.1025,1695333567.0,0
51.4986,323.6007,1695333572.0,0
51.5235,324.1492,1695333578.0,0
51.5437,324.6483,1695333583.0,0
51.5632,325.1979,1695333588.0,0
51.5786,325.6979,1695333593.0,0
51.5917,326.1982,1695333598.0,0
51.6034,326.7488,1695333604.0,0
51.6116,327.2496,1695333609.0,0
51.6174,327.7505,1695333614.0,0
51.6212,328.3017,1695333619.0,0
51.6223,328.8029,1695333624.0,0
51.6207,329.3541,1695333630.0,0
51.6169,329.8552,1695333635.0,0
51.6107,330.3562,1695333640.0,0
51.6012,330.907,1695333645.0,0
51.5902,331.4075,1695333650.0,0
51.5769,331.9076,1695333655.0,0
51.5595,332.4575,1695333661.0,0
51.5413,332.957,1695333666.0,0
51.5187,333.5059,1695333671.0,0
51.4957,334.0043,1695333676.0,0
51.4704,334.5022,1695333681.0,0
51.4399,335.0493,1695333687.0,0
51.4098,335.5459,1695333692.0,0
51.374,336.0914,1695333697.0,0
51.3391,336.5864,1695333702.0,0
51.302,337.0807,1695333708.0,0
51.2585,337.6233,1695333713.0,0
51.2166,338.1157,1695333718.0,0
51.1679,338.6562,1695333724.0,0
51.1214,339.1465,1695333729.0,0
51.0725,339.6357,1695333734.0,0
51.0163,340.1728,1695333739.0,0
50.9628,340.6597,1695333744.0,0
50.9071,341.14549999999997,1695333749.0,0
50.8434,341.6783,1695333755.0,0
50.7831,342.1612,1695333760.0,0
50.7144,342.691,1695333765.0,0
50.6496,343.1712,1695333770.0,0
50.5826,343.6501,1695333775.0,0
50.5065,344.1751,1695333781.0,0
50.4351,344.6509,1695333786.0,0
50.3541,345.1725,1695333791.0,0
50.2783,345.6451,1695333796.0,0
50.2004,346.116,1695333801.0,0
50.1123,346.6321,1695333807.0,0
50.0301,347.0995,1695333812.0,0
49.9458,347.5652,1695333817.0,0
49.8507,348.0755,1695333822.0,0
49.7622,348.5376,1695333827.0,0
49.6625,349.0438,1695333833.0,0
49.5698,349.5022,1695333838.0,0
49.4751,349.9586,1695333843.0,0
49.3687,350.4585,1695333848.0,0
49.2699,350.911,1695333853.0,0
49.1692,351.3616,1695333858.0,0
49.0562,351.855,1695333864.0,0
48.9515,352.3015,1695333869.0,0
48.8341,352.7903,1695333874.0,0
48.7255,353.2326,1695333879.0,0
48.615,353.6729,1695333884.0,0
48.4913,354.1549,1695333890.0,0
48.377,354.5909,1695333895.0,0
48.2609,355.0248,1695333900.0,0
48.1311,355.4998,1695333905.0,0
48.0112,355.9293,1695333910.0,0
47.8773,356.3994,1695333916.0,0
47.7538,356.8244,1695333921.0,0
47.6285,357.2474,1695333926.0,0
47.4887,357.7103,1695333931.0,0
47.3599,358.1287,1695333936.0,0
47.2163,358.5866,1695333942.0,0
47.0839,359.0006,1695333947.0,0
46.95,359.4122,1695333952.0,0
46.8008,359.8626,1695333957.0,0
46.6635,0.2698,1695333962.0,1
46.5105,0.7152,1695333968.0,1
46.3699,1.1178,1695333973.0,1
46.2277,1.5181,1695333978.0,1
46.0695,1.9559,1695333983.0,1
45.924,2.3517,1695333988.0,1
45.7771,2.7453,1695333993.0,1
45.6137,3.1757,1695333999.0,1
45.4637,3.5647,1695334004.0,1
45.3122,3.9514,1695334009.0,1
45.1438,4.3744,1695334014.0,1
44.9893,4.7566,1695334019.0,1
44.8177,5.1745,1695334025.0,1
44.6602,5.5521,1695334030.0,1
44.4854,5.965,1695334036.0,1
44.325,6.338,1695334041.0,1
44.1633,6.7089,1695334046.0,1
43.9839,7.1143,1695334051.0,1
43.8195,7.4807,1695334056.0,1
43.637,7.8812,1695334062.0,1
43.4698,8.2431,1695334067.0,1
43.3014,8.6028,1695334072.0,1
43.1146,8.9961,1695334077.0,1
42.9436,9.3514,1695334082.0,1
42.7712,9.7046,1695334087.0,1
42.5804,10.0906,1695334093.0,1
42.4055,10.4395,1695334098.0,1
42.2118,10.8208,1695334103.0,1
42.0345,11.1653,1695334108.0,1
41.8561,11.5078,1695334113.0,1
41.6585,11.8822,1695334119.0,1
41.4776,12.2204,1695334124.0,1
41.2957,12.5565,1695334129.0,1
41.0943,12.9241,1695334134.0,1
40.9101,13.2561,1695334139.0,1
40.7062,13.619,1695334145.0,1
40.5197,13.9469,1695334150.0,1
40.3322,14.2729,1695334155.0,1
40.1247,14.6292,1695334160.0,1
39.9351,14.9511,1695334165.0,1
39.7444,15.2711,1695334170.0,1
39.5336,15.6209,1695334176.0,1
39.3408,15.937,1695334181.0,1
39.1277,16.2824,1695334186.0,1
38.933,16.5946,1695334191.0,1
38.7373,16.9049,1695334196.0,1
38.521,17.2442,1695334202.0,1
38.3233,17.5507,1695334207.0,1
38.1248,17.8555,1695334212.0,1
37.9054,18.1886,1695334217.0,1
37.705,18.4895,1695334222.0,1
37.4836,18.8186,1695334228.0,1
37.2814,19.1159,1695334233.0,1
37.0784,19.4116,1695334238.0,1
36.8541,19.7348,1695334243.0,1
36.6493,20.0269,1695334248.0,1
36.4437,20.3173,1695334253.0,1
36.2167,20.6348,1695334259.0,1
36.0094,20.9218,1695334264.0,1
35.7805,21.2356,1695334269.0,1
35.5715,21.5192,1695334274.0,1
35.3619,21.8012,1695334279.0,1
35.1303,22.1096,1695334285.0,1
34.9191,22.3883,1695334290.0,1
34.7071,22.6654,1695334295.0,1
34.4731,22.9685,1695334300.0,1
34.2596,23.2425,1695334305.0,1
34.0455,23.5149,1695334310.0,1
33.8091,23.8129,1695334316.0,1
33.5935,24.0822,1695334321.0,1
33.3555,24.3769,1695334326.0,1
33.1385,24.6432,1695334331.0,1
32.9208,24.9081,1695334336.0,1
32.6806,25.1978,1695334342.0,1
32.4616,25.4598,1695334347.0,1
32.2419,25.7203,1695334352.0,1
31.9996,26.0053,1695334357.0,1
31.7787,26.2631,1695334362.0,1
31.535,26.545,1695334368.0,1
31.3128,26.7999,1695334373.0,1
31.09,27.0536,1695334378.0,1
30.8443,27.331,1695334384.0,1
30.6203,27.5819,1695334389.0,1
30.3958,27.8316,1695334394.0,1
30.1481,28.1048,1695334399.0,1
29.9224,28.3519,1695334404.0,1
29.6735,28.6222,1695334410.0,1
29.4467,28.8668,1695334415.0,1
29.2194,29.1101,1695334420.0,1
28.9687,29.3764,1695334425.0,1
28.7403,29.6172,1695334430.0,1
28.5114,29.857,1695334435.0,1
28.259,30.1194,1695334441.0,1
28.0291,30.3567,1695334446.0,1
27.7756,30.6165,1695334451.0,1
27.5447,30.8515,1695334456.0,1
27.3133,31.0855,1695334461.0,1
27.0582,31.3417,1695334467.0,1
26.8258,31.5734,1695334472.0,1
26.5697,31.8271,1695334477.0,1
26.3364,32.0567,1695334482.0,1
26.1027,32.2853,1695334487.0,1
25.8451,32.5355,1695334493.0,1
25.6105,32.762,1695334498.0,1
25.3755,32.9875,1695334503.0,1
25.1165,33.2345,1695334508.0,1
24.8806,33.458,1695334513.0,1
24.6207,33.7027,1695334519.0,1
24.384,33.9243,1695334524.0,1
24.1469,34.1449,1695334529.0,1
23.8857,34.3866,1695334534.0,1
23.6478,34.6053,1695334539.0,1
23.3858,34.845,1695334545.0,1
23.1471,35.0619,1695334550.0,1
22.9082,35.278,1695334555.0,1
22.6449,35.5147,1695334560.0,1
22.4052,35.729,1695334565.0,1
22.1652,35.9426,1695334570.0,1
21.9008,36.1765,1695334576.0,1
21.66,36.3884,1695334581.0,1
21.3949,36.6205,1695334586.0,1
21.1535,36.8307,1695334591.0,1
20.9117,37.0402,1695334596.0,1
20.6455,37.2698,1695334602.0,1
20.4032,37.4777,1695334607.0,1
20.1605,37.6849,1695334612.0,1
19.8933,37.9119,1695334617.0,1
19.6501,38.1177,1695334622.0,1
19.3822,38.3431,1695334628.0,1
19.1384,38.5474,1695334633.0,1
18.8942,38.751,1695334638.0,1
18.6255,38.9742,1695334643.0,1
18.3809,39.1764,1695334648.0,1
18.1359,39.378,1695334653.0,1
17.8662,39.5991,1695334659.0,1
17.6208,39.7994,1695334664.0,1
17.3505,40.019,1695334669.0,1
17.1046,40.218,1695334674.0,1
16.8585,40.4165,1695334679.0,1
16.5874,40.6341,1695334685.0,1
16.3408,40.8313,1695334690.0,1
16.0939,41.028,1695334695.0,1
15.8221,41.2438,1695334701.0,1
15.5748,41.4393,1695334706.0,1
15.3025,41.6538,1695334711.0,1
15.0548,41.8482,1695334716.0,1
14.8069,42.0422,1695334721.0,1
14.5339,42.255,1695334727.0,1
14.2855,42.448,1695334732.0,1
14.037,42.6405,1695334737.0,1
13.7633,42.8517,1695334742.0,1
13.5144,43.0432,1695334747.0,1
13.2404,43.2533,1695334753.0,1
12.9911,43.4439,1695334758.0,1
12.7416,43.634,1695334763.0,1
12.4669,43.8428,1695334768.0,1
12.2172,44.032,1695334773.0,1
11.9672,44.2209,1695334778.0,1
11.6921,44.4282,1695334784.0,1
11.4418,44.6163,1695334789.0,1
11.1663,44.8227,1695334794.0,1
10.9157,45.01,1695334799.0,1
10.665,45.197,1695334804.0,1
10.3891,45.4022,1695334810.0,1
10.1381,45.5884,1695334815.0,1
9.8619,45.7929,1695334820.0,1
9.6107,45.9784,1695334825.0,1
9.3593,46.1636,1695334830.0,1
9.0827,46.367,1695334836.0,1
8.8312,46.5516,1695334841.0,1
8.5795,46.7359,1695334846.0,1
8.3025,46.9383,1695334851.0,1
8.0506,47.1221,1695334856.0,1
7.7733,47.3239,1695334862.0,1
7.5212,47.5071,1695334867.0,1
7.269,47.6901,1695334872.0,1
6.9915,47.8911,1695334877.0,1
6.7391,48.0736,1695334882.0,1
6.4866,48.2559,1695334887.0,1
6.2088,48.4562,1695334893.0,1
5.9562,48.638,1695334898.0,1
5.6782,48.8379,1695334903.0,1
5.4254,49.0193,1695334908.0,1
5.1725,49.2007,1695334913.0,1
4.8943,49.3999,1695334919.0,1
4.6414,49.5809,1695334924.0,1
4.3884,49.7617,1695334929.0,1
4.11,49.9604,1695334934.0,1
3.8569,50.1409,1695334939.0,1
3.5784,50.3394,1695334945.0,1
3.3252,50.5196,1695334950.0,1
3.072,50.6998,1695334955.0,1
2.7933,50.8979,1695334960.0,1
2.54,51.0779,1695334965.0,1
2.2867,51.2578,1695334970.0,1
2.008,51.4556,1695334976.0,1
1.7546,51.6353,1695334981.0,1
1.4758,51.833,1695334986.0,1
1.2224,52.0126,1695334991.0,1
0.969,52.1922,1695334996.0,1
0.6901,52.3898,1695335002.0,1
0.4367,52.5693,1695335007.0,1
0.1832,52.7488,1695335012.0,1
-0.0956,52.9463,1695335018.0,1
-0.349,53.1258,1695335023.0,1
-0.6025,53.3054,1695335028.0,1
-0.8812,53.5029,1695335033.0,1
-1.1347,53.6824,1695335038.0,1
-1.4134,53.88,1695335044.0,1
-1.6668,54.0596,1695335049.0,1
-1.9455,54.2573,1695335054.0,1
-2.1988,54.437,1695335059.0,1
-2.452,54.6168,1695335064.0,1
-2.7306,54.8147,1695335070.0,1
-2.9838,54.9947,1695335075.0,1
-3.237,55.1748,1695335080.0,1
-3.5154,55.373,1695335085.0,1
-3.7685,55.5533,1695335090.0,1
-4.0469,55.7517,1695335096.0,1
-4.2998,55.9322,1695335101.0,1
-4.5527,56.1129,1695335106.0,1
-4.8309,56.3118,1695335111.0,1
-5.0837,56.4928,1695335116.0,1
-5.3364,56.6739,1695335121.0,1
-5.6143,56.8733,1695335127.0,1
-5.8669,57.0548,1695335132.0,1
-6.1446,57.2546,1695335137.0,1
-6.397,57.4365,1695335142.0,1
-6.6493,57.6185,1695335147.0,1
-6.9267,57.8191,1695335153.0,1
-7.1789,58.0016,1695335158.0,1
-7.4309,58.1843,1695335163.0,1
-7.708,58.3856,1695335168.0,1
-7.9599,58.5688,1695335173.0,1
-8.2367,58.7706,1695335179.0,1
-8.4883,58.9544,1695335184.0,1
-8.7398,59.1384,1695335189.0,1
-9.0163,59.3411,1695335194.0,1
-9.2676,59.5257,1695335199.0,1
-9.5438,59.7291,1695335205.0,1
-9.7948,59.9144,1695335210.0,1
-10.0457,60.0999,1695335215.0,1
-10.3215,60.3044,1695335220.0,1
-10.5721,60.4906,1695335225.0,1
-10.8476,60.6958,1695335231.0,1
-11.0978,60.8827,1695335236.0,1
-11.348,61.07,1695335241.0,1
-11.623,61.2764,1695335246.0,1
-11.8728,61.4644,1695335251.0,1
-12.1474,61.6717,1695335257.0,1
-12.3969,61.8606,1695335262.0,1
-12.6462,62.0499,1695335267.0,1
-12.9204,62.2586,1695335272.0,1
-13.1693,62.4487,1695335277.0,1
-13.4181,62.6393,1695335282.0,1
-13.6916,62.8494,1695335288.0,1
-13.94,63.0409,1695335293.0,1
-14.213,63.2521,1695335298.0,1
-14.461,63.4445,1695335303.0,1
-14.7088,63.6374,1695335308.0,1
-14.9811,63.8502,1695335314.0,1
-15.2285,64.0441,1695335319.0,1
-15.4757,64.2386,1695335324.0,1
-15.7473,64.4531,1695335329.0,1
-15.9941,64.6487,1695335334.0,1
-16.2652,64.8644,1695335340.0,1
-16.5115,65.0611,1695335345.0,1
-16.7576,65.2583,1695335350.0,1
-17.0279,65.4759,1695335356.0,1
-17.2734,65.6743,1695335361.0,1
-17.5433,65.8933,1695335366.0,1
-17.7883,66.093,1695335371.0,1
-18.033,66.2932,1695335376.0,1
-18.302,66.5142,1695335382.0,1
-18.5462,66.7158,1695335387.0,1
-18.8145,66.9382,1695335392.0,1
-19.0582,67.1411,1695335397.0,1
-19.3016,67.3447,1695335402.0,1
-19.5691,67.5694,1695335408.0,1
-19.8118,67.7744,1695335413.0,1
-20.0786,68.0007,1695335418.0,1
-20.3208,68.2071,1695335423.0,1
-20.5627,68.4143,1695335428.0,1
-20.8285,68.643,1695335434.0,1
-21.0697,68.8517,1695335439.0,1
-21.3348,69.0821,1695335444.0,1
-21.5754,69.2924,1695335449.0,1
-21.8156,69.5034,1695335454.0,1
-22.0795,69.7363,1695335460.0,1
-22.319,69.949,1695335465.0,1
-22.5821,70.1838,1695335470.0,1
-22.821,70.3982,1695335475.0,1
-23.0595,70.6134,1695335480.0,1
-23.3214,70.851,1695335486.0,1
-23.5591,71.068,1695335491.0,1
-23.8203,71.3076,1695335496.0,1
-24.0572,71.5264,1695335501.0,1
-24.3174,71.768,1695335507.0,1
-24.5536,71.9887,1695335512.0,1
-24.813,72.2325,1695335517.0,1
-25.0483,72.455,1695335522.0,1
-25.2832,72.6785,1695335527.0,1
-25.5412,72.9255,1695335533.0,1
-25.7753,73.1509,1695335538.0,1
-26.0089,73.3774,1695335543.0,1
-26.2654,73.6276,1695335548.0,1
-26.4981,73.8561,1695335553.0,1
-26.7536,74.1086,1695335559.0,1
-26.9854,74.3393,1695335564.0,1
-27.2168,74.571,1695335569.0,1
-27.4708,74.8272,1695335574.0,1
-27.7012,75.0611,1695335579.0,1
-27.9541,75.3197,1695335585.0,1
-28.1835,75.5559,1695335590.0,1
-28.4124,75.7932,1695335595.0,1
-28.6636,76.0555,1695335600.0,1
-28.8915,76.2952,1695335605.0,1
-29.1416,76.5601,1695335611.0,1
-29.3684,76.8023,1695335616.0,1
-29.5946,77.0455,1695335621.0,1
-29.843,77.3145,1695335626.0,1
-30.0906,77.5849,1695335632.0,1
-30.3152,77.832,1695335637.0,1
-30.5616,78.1052,1695335642.0,1
-30.785,78.3549,1695335647.0,1
-31.0078,78.6059,1695335652.0,1
-31.2523,78.8835,1695335658.0,1
-31.4739,79.1371,1695335663.0,1
-31.717,79.4176,1695335669.0,1
-31.9374,79.674,1695335674.0,1
-32.1571,79.9317,1695335679.0,1
-32.3981,80.2168,1695335684.0,1
-32.6166,80.4773,1695335689.0,1
-32.8345,80.7394,1695335694.0,1
-33.0734,81.0292,1695335700.0,1
-33.2898,81.2941,1695335705.0,1
-33.5272,81.5871,1695335710.0,1
-33.7422,81.8549,1695335715.0,1
-33.9566,82.1242,1695335720.0,1
-34.1916,82.4222,1695335726.0,1
-34.4045,82.6946,1695335731.0,1
-34.6167,82.9685,1695335736.0,1
-34.8494,83.2715,1695335741.0,1
-35.0601,83.5486,1695335746.0,1
-35.291,83.8551,1695335752.0,1
-35.5001,84.1354,1695335757.0,1
-35.7085,84.4174,1695335762.0,1
-35.9369,84.7293,1695335767.0,1
-36.1437,85.0146,1695335772.0,1
-36.3702,85.3302,1695335778.0,1
-36.5754,85.6188,1695335783.0,1
-36.7797,85.9091,1695335788.0,1
-37.0034,86.2303,1695335793.0,1
-37.206,86.5241,1695335798.0,1
-37.4278,86.8492,1695335804.0,1
-37.6286,87.1466,1695335809.0,1
-37.8286,87.4457,1695335814.0,1
-38.0475,87.7767,1695335819.0,1
-38.2456,88.0794,1695335824.0,1
-38.4625,88.4145,1695335830.0,1
-38.6587,88.721,1695335835.0,1
-38.854,89.0293,1695335840.0,1
-39.0677,89.3704,1695335845.0,1
-39.261,89.6825,1695335850.0,1
-39.4533,89.9964,1695335855.0,1
-39.6638,90.3438,1695335861.0,1
-39.8541,90.6616,1695335866.0,1
-40.0622,91.0133,1695335871.0,1
-40.2504,91.3351,1695335876.0,1
-40.4376,91.6587,1695335881.0,1
-40.6423,92.017,1695335887.0,1
-40.8273,92.3447,1695335892.0,1
-41.0295,92.7073,1695335897.0,1
-41.2123,93.0391,1695335902.0,1
-41.4121,93.4064,1695335908.0,1
-41.5925,93.7423,1695335913.0,1
-41.7719,94.0803,1695335918.0,1
-41.9679,94.4543,1695335923.0,1
-42.1448,94.7964,1695335928.0,1
-42.3382,95.1752,1695335934.0,1
-42.5127,95.5216,1695335939.0,1
-42.7033,95.905,1695335944.0,1
-42.8753,96.2558,1695335949.0,1
-43.0461,96.6086,1695335954.0,1
-43.2326,96.999,1695335960.0,1
-43.4008,97.3562,1695335965.0,1
-43.5844,97.7515,1695335970.0,1
-43.75,98.1131,1695335975.0,1
-43.9143,98.4769,1695335980.0,1
-44.0935,98.8794,1695335986.0,1
-44.255,99.2475,1695335991.0,1
-44.4311,99.655,1695335997.0,1
-44.5899,100.0277,1695336002.0,1
-44.7473,100.4025,1695336007.0,1
-44.9187,100.8172,1695336012.0,1
-45.0732,101.1965,1695336017.0,1
-45.2415,101.6163,1695336023.0,1
-45.393,102.0002,1695336028.0,1
-45.558,102.425,1695336033.0,1
-45.7064,102.8135,1695336038.0,1
-45.8534,103.2041,1695336043.0,1
-46.0133,103.6362,1695336049.0,1
-46.1572,104.0314,1695336054.0,1
-46.3136,104.4685,1695336059.0,1
-46.4542,104.8683,1695336064.0,1
-46.5933,105.2702,1695336069.0,1
-46.7445,105.7148,1695336075.0,1
-46.8802,106.1212,1695336080.0,1
-47.0277,106.5708,1695336085.0,1
-47.1601,106.9816,1695336090.0,1
-47.2909,107.3947,1695336095.0,1
-47.4328,107.8516,1695336101.0,1
-47.56,108.2691,1695336106.0,1
-47.6981,108.7309,1695336111.0,1
-47.8218,109.1529,1695336116.0,1
-47.9438,109.5771,1695336121.0,1
-48.076,110.0461,1695336127.0,1
-48.1944,110.4747,1695336132.0,1
-48.3225,110.9484,1695336137.0,1
-48.4372,111.3812,1695336142.0,1
-48.5612,111.8597,1695336148.0,1
-48.672,112.2968,1695336153.0,1
-48.7811,112.7359,1695336158.0,1
-48.8989,113.2212,1695336163.0,1
-49.004,113.6645,1695336168.0,1
-49.1175,114.1544,1695336174.0,1
-49.2187,114.6017,1695336179.0,1
-49.318,115.0509,1695336184.0,1
-49.425,115.5473,1695336189.0,1
-49.5203,116.0004,1695336194.0,1
-49.6228,116.501,1695336200.0,1
-49.7139,116.958,1695336205.0,1
-49.8031,117.4167,1695336210.0,1
-49.8989,117.9233,1695336215.0,1
-49.9839,118.3857,1695336220.0,1
-50.075,118.8962,1695336226.0,1
-50.1557,119.3621,1695336231.0,1
-50.2344,119.8297,1695336236.0,1
-50.3186,120.3458,1695336241.0,1
-50.3929,120.8167,1695336246.0,1
-50.4652,121.289,1695336251.0,1
-50.5423,121.8103,1695336257.0,1
-50.6101,122.2858,1695336262.0,1
-50.6823,122.8105,1695336267.0,1
-50.7457,123.2889,1695336272.0,1
-50.807,123.7686,1695336277.0,1
-50.8719,124.2978,1695336283.0,1
-50.9286,124.7803,1695336288.0,1
-50.9885,125.3124,1695336293.0,1
-51.0407,125.7973,1695336298.0,1
-51.0906,126.2833,1695336303.0,1
-51.1431,126.8192,1695336309.0,1
-51.1884,127.3073,1695336314.0,1
-51.2315,127.7964,1695336319.0,1
-51.2764,128.3356,1695336325.0,1
-51.3148,128.8267,1695336330.0,1
-51.3545,129.3679,1695336335.0,1
-51.3883,129.8605,1695336340.0,1
-51.4198,130.354,1695336345.0,1
-51.4518,130.8977,1695336351.0,1
-51.4785,131.3926,1695336356.0,1
-51.503,131.8881,1695336361.0,1
-51.5273,132.4337,1695336366.0,1
-51.547,132.9303,1695336371.0,1
-51.566,133.477,1695336377.0,1
-51.5809,133.9743,1695336382.0,1
-51.5935,134.472,1695336387.0,1
-51.6048,135.0198,1695336392.0,1
-51.6126,135.518,1695336397.0,1
-51.6185,136.0662,1695336403.0,1
-51.6215,136.5646,1695336408.0,1
-51.6222,137.0631,1695336413.0,1
-51.6203,137.6113,1695336418.0,1
-51.6162,138.1097,1695336423.0,1
-51.6098,138.6079,1695336428.0,1
-51.6001,139.1559,1695336434.0,1
-51.5889,139.6537,1695336439.0,1
-51.5739,140.2011,1695336444.0,1
-51.5579,140.6982,1695336449.0,1
-51.5396,141.1951,1695336454.0,1
-51.5168,141.7411,1695336460.0,1
-51.4937,142.2369,1695336465.0,1
-51.4657,142.7818,1695336470.0,1
-51.4378,143.2764,1695336475.0,1
-51.4077,143.7703,1695336480.0,1
-51.372,144.3128,1695336486.0,1
-51.3371,144.8054,1695336491.0,1
-51.3,145.2971,1695336496.0,1
-51.2567,145.837,1695336501.0,1
-51.2149,146.3268,1695336506.0,1
-51.1664,146.8646,1695336512.0,1
-51.1199,147.3524,1695336517.0,1
-51.0713,147.839,1695336522.0,1
-51.0152,148.3732,1695336527.0,1
-50.962,148.8577,1695336532.0,1
-50.9009,149.3891,1695336538.0,1
-50.8431,149.871,1695336543.0,1
-50.7831,150.3517,1695336548.0,1
-50.7147,150.8788,1695336553.0,1
-50.6502,151.3567,1695336558.0,1
-50.5769,151.8808,1695336564.0,1
-50.5079,152.3557,1695336569.0,1
-50.4369,152.8292,1695336574.0,1
-50.3564,153.3482,1695336579.0,1
-50.281,153.8185,1695336584.0,1
-50.2035,154.2872,1695336589.0,1
-50.1159,154.8009,1695336595.0,1
-50.0342,155.2661,1695336600.0,1
-49.9419,155.776,1695336605.0,1
-49.8558,156.2378,1695336610.0,1
-49.7589,156.7437,1695336616.0,1
-49.6687,157.2017,1695336621.0,1
-49.5766,157.658,1695336626.0,1
-49.4729,158.1577,1695336632.0,1
-49.3767,158.6101,1695336637.0,1
-49.2686,159.1057,1695336642.0,1
-49.1683,159.5541,1695336647.0,1
-49.0661,160.0007,1695336652.0,1
-48.9515,160.4897,1695336658.0,1
-48.8454,160.9323,1695336663.0,1
-48.7374,161.3728,1695336668.0,1
-48.6165,161.855,1695336673.0,1
-48.5047,162.2912,1695336678.0,1
-48.3796,162.7688,1695336684.0,1
-48.2641,163.2008,1695336689.0,1
-48.1467,163.6308,1695336694.0,1
-48.0155,164.1014,1695336699.0,1
-47.8945,164.527,1695336704.0,1
-47.7717,164.9505,1695336709.0,1
-47.6347,165.4139,1695336715.0,1
-47.5084,165.833,1695336720.0,1
-47.3675,166.2915,1695336725.0,1
-47.2376,166.7061,1695336730.0,1
-47.0929,167.1598,1695336736.0,1
-46.9596,167.5699,1695336741.0,1
-46.8247,167.9778,1695336746.0,1
-46.6745,168.4239,1695336751.0,1
-46.5363,168.8273,1695336756.0,1
-46.3965,169.2286,1695336761.0,1
-46.2409,169.6676,1695336767.0,1
-46.0979,170.0642,1695336772.0,1
-45.9388,170.4981,1695336777.0,1
-45.7926,170.8902,1695336782.0,1
-45.6449,171.2802,1695336787.0,1
-45.4808,171.7066,1695336793.0,1
-45.33,172.092,1695336798.0,1
-45.1778,172.4753,1695336803.0,1
-45.0088,172.8944,1695336808.0,1
-44.8536,173.2732,1695336813.0,1
-44.6813,173.6873,1695336819.0,1
-44.5232,174.0616,1695336824.0,1
-44.3638,174.4336,1695336829.0,1
-44.1869,174.8405,1695336834.0,1
-44.0246,175.2081,1695336839.0,1
-43.8611,175.5736,1695336844.0,1
-43.6797,175.9731,1695336850.0,1
-43.5135,176.3341,1695336855.0,1
-43.3291,176.7288,1695336860.0,1
-43.1602,177.0855,1695336865.0,1
-42.9901,177.44,1695336870.0,1
-42.8015,177.8276,1695336876.0,1
-42.6288,178.1777,1695336881.0,1
-42.4549,178.5259,1695336886.0,1
-42.2622,178.9065,1695336891.0,1
-42.0859,179.2504,1695336896.0,1
-41.8905,179.6263,1695336902.0,1
-41.7118,179.9659,1695336907.0,1
-41.5319,180.3035,1695336912.0,1
-41.3327,180.6725,1695336917.0,1
-41.1505,181.0059,1695336922.0,1
-40.9673,181.3373,1695336927.0,1
-40.7644,181.6996,1695336933.0,1
-40.5789,182.027,1695336938.0,1
-40.3736,182.3848,1695336943.0,1
-40.186,182.7081,1695336948.0,1
-39.9972,183.0295,1695336953.0,1
-39.7885,183.3809,1695336959.0,1
-39.5977,183.6984,1695336964.0,1
-39.3867,184.0454,1695336970.0,1
-39.1938,184.3591,1695336975.0,1
-39.0,184.6708,1695336980.0,1
-38.7857,185.0116,1695336985.0,1
-38.5899,185.3196,1695336990.0,1
-38.3932,185.6257,1695336995.0,1
-38.1758,185.9604,1695337001.0,1
-37.9772,186.2628,1695337006.0,1
-37.7577,186.5935,1695337011.0,1
-37.5573,186.8923,1695337016.0,1
-37.356,187.1893,1695337021.0,1
-37.1336,187.5141,1695337027.0,1
-36.9305,187.8076,1695337032.0,1
-36.7062,188.1285,1695337037.0,1
-36.5014,188.4185,1695337042.0,1
-36.2958,188.7069,1695337047.0,1
-36.0687,189.0222,1695337053.0,1
-35.8614,189.3072,1695337058.0,1
-35.6534,189.5905,1695337063.0,1
-35.4237,189.9004,1695337068.0,1
-35.2141,190.1804,1695337073.0,1
-34.9825,190.4869,1695337079.0,1
-34.7713,190.7637,1695337084.0,1
-34.5593,191.039,1695337089.0,1
-34.3254,191.3402,1695337094.0,1
-34.112,191.6123,1695337099.0,1
-33.8979,191.883,1695337104.0,1
-33.6615,192.1792,1695337110.0,1
-33.4459,192.4468,1695337115.0,1
-33.2081,192.7396,1695337120.0,1
-32.9911,193.0043,1695337125.0,1
-32.7735,193.2675,1695337130.0,1
-32.5334,193.5555,1695337136.0,1
-32.3144,193.8159,1695337141.0,1
-32.0729,194.1007,1695337146.0,1
-31.8526,194.3583,1695337151.0,1
-31.6318,194.6144,1695337156.0,1
-31.3882,194.8948,1695337162.0,1
-31.1661,195.1483,1695337167.0,1
-30.9211,195.4256,1695337172.0,1
-30.6977,195.6764,1695337177.0,1
-30.4738,195.926,1695337182.0,1
-30.2269,196.199,1695337188.0,1
-30.0018,196.446,1695337193.0,1
-29.7536,196.7163,1695337198.0,1
-29.5274,196.9607,1695337203.0,1
-29.3007,197.204,1695337208.0,1
-29.0507,197.4702,1695337214.0,1
-28.8228,197.7111,1695337219.0,1
-28.5716,197.9747,1695337224.0,1
-28.3427,198.2131,1695337229.0,1
-28.1133,198.4505,1695337234.0,1
-27.8604,198.7103,1695337240.0,1
-27.6301,198.9453,1695337245.0,1
-27.3761,199.2025,1695337250.0,1
-27.1447,199.4353,1695337255.0,1
-26.9129,199.6671,1695337260.0,1
-26.6573,199.9208,1695337266.0,1
-26.4246,200.1504,1695337271.0,1
-26.168,200.4018,1695337276.0,1
-25.9343,200.6293,1695337281.0,1
-25.7002,200.8558,1695337287.0,1
-25.4422,201.1038,1695337292.0,1
-25.2072,201.3282,1695337297.0,1
-24.9483,201.574,1695337303.0,1
-24.7125,201.7965,1695337308.0,1
-24.4526,202.0402,1695337313.0,1
-24.216,202.2608,1695337318.0,1
-23.9789,202.4806,1695337323.0,1
-23.7177,202.7212,1695337329.0,1
-23.4798,202.9391,1695337334.0,1
-23.2177,203.1778,1695337339.0,1
-22.9791,203.3938,1695337344.0,1
-22.7402,203.6091,1695337349.0,1
-22.4769,203.8449,1695337355.0,1
-22.2372,204.0584,1695337360.0,1
-21.9972,204.2711,1695337365.0,1
-21.7328,204.5042,1695337370.0,1
-21.4919,204.7154,1695337375.0,1
-21.2267,204.9468,1695337381.0,1
-20.9853,205.1563,1695337386.0,1
-20.7436,205.365,1695337391.0,1
-20.4774,205.5938,1695337396.0,1
-20.235,205.801,1695337401.0,1
-19.9681,206.0282,1695337407.0,1
-19.725,206.234,1695337412.0,1
-19.4818,206.4391,1695337417.0,1
-19.2138,206.6639,1695337422.0,1
-18.9699,206.8676,1695337427.0,1
-18.7014,207.0909,1695337433.0,1
-18.4569,207.2932,1695337438.0,1
-18.2122,207.4949,1695337443.0,1
-17.9428,207.7159,1695337448.0,1
-17.6976,207.9163,1695337453.0,1
-17.4275,208.136,1695337459.0,1
-17.1818,208.3352,1695337464.0,1
-16.9357,208.5337,1695337469.0,1
-16.6648,208.7515,1695337474.0,1
-16.4184,208.9488,1695337479.0,1
-16.147,209.1653,1695337485.0,1
-15.9,209.3615,1695337490.0,1
-15.6528,209.5572,1695337495.0,1
-15.3806,209.7718,1695337500.0,1
-15.133,209.9665,1695337505.0,1
-14.8852,210.1605,1695337510.0,1
-14.6123,210.3735,1695337516.0,1
-14.364,210.5665,1695337521.0,1
-14.0907,210.7784,1695337526.0,1
-13.842,210.9705,1695337531.0,1
-13.5931,211.1621,1695337536.0,1
-13.3191,211.3725,1695337542.0,1
-13.0698,211.5632,1695337547.0,1
-12.7955,211.7725,1695337552.0,1
-12.5458,211.9624,1695337557.0,1
-12.296,212.1519,1695337562.0,1
-12.021,212.3598,1695337568.0,1
-11.7708,212.5484,1695337573.0,1
-11.4955,212.7555,1695337578.0,1
-11.245,212.9433,1695337583.0,1
-10.9944,213.1308,1695337588.0,1
-10.7185,213.3366,1695337594.0,1
-10.4676,213.5234,1695337599.0,1
-10.2165,213.7099,1695337604.0,1
-9.9402,213.9145,1695337610.0,1
-9.6888,214.1003,1695337615.0,1
-9.4122,214.3043,1695337620.0,1
-9.1606,214.4894,1695337625.0,1
-8.9089,214.6742,1695337630.0,1
-8.6319,214.8772,1695337636.0,1
-8.3799,215.0614,1695337641.0,1
-8.1027,215.2637,1695337646.0,1
-7.8505,215.4474,1695337651.0,1
-7.5982,215.6309,1695337656.0,1
-7.3206,215.8324,1695337662.0,1
-7.0681,216.0154,1695337667.0,1
-6.7902,216.2164,1695337672.0,1
-6.5375,216.3989,1695337677.0,1
-6.2848,216.5812,1695337682.0,1
-6.0067,216.7815,1695337688.0,1
-5.7538,216.9634,1695337693.0,1
-5.4755,217.1632,1695337698.0,1
-5.2224,217.3448,1695337703.0,1
-4.9439,217.5443,1695337709.0,1
-4.6907,217.7255,1695337714.0,1
-4.4374,217.9066,1695337719.0,1
-4.1587,218.1056,1695337724.0,1
-3.9052,218.2864,1695337729.0,1
-3.6264,218.4852,1695337735.0,1
-3.3729,218.6658,1695337740.0,1
-3.0939,218.8643,1695337745.0,1
-2.8403,219.0446,1695337750.0,1
-2.5867,219.2249,1695337755.0,1
-2.3076,219.4231,1695337761.0,1
-2.0539,219.6032,1695337766.0,1
-1.7748,219.8013,1695337771.0,1
-1.521,219.9813,1695337776.0,1
-1.2418,220.1792,1695337782.0,1
-0.988,220.3591,1695337787.0,1
-0.7342,220.539,1695337792.0,1
-0.4549,220.7368,1695337797.0,1
-0.2011,220.9166,1695337802.0,1
0.0782,221.1145,1695337808.0,1
0.332,221.2943,1695337813.0,1
0.5859,221.4741,1695337818.0,1
0.8651,221.672,1695337823.0,1
1.1189,221.8519,1695337828.0,1
1.3982,222.0498,1695337834.0,1
1.652,222.2299,1695337839.0,1
1.9312,222.4279,1695337844.0,1
2.185,222.6081,1695337849.0,1
2.4388,222.7883,1695337854.0,1
2.7179,222.9866,1695337860.0,1
2.9716,223.167,1695337865.0,1
3.2507,223.3655,1695337870.0,1
3.5043,223.5461,1695337875.0,1
3.7833,223.7448,1695337881.0,1
4.0368,223.9257,1695337886.0,1
4.2903,224.1066,1695337891.0,1
4.5691,224.3058,1695337896.0,1
4.8225,224.4871,1695337901.0,1
5.0758,224.6685,1695337906.0,1
5.3545,224.8682,1695337912.0,1
5.6077,225.05,1695337917.0,1
5.8861,225.2501,1695337922.0,1
6.1391,225.4322,1695337927.0,1
6.3921,225.6146,1695337933.0,1
6.6704,225.8154,1695337938.0,1
6.9232,225.9982,1695337943.0,1
7.2012,226.1995,1695337949.0,1
7.4539,226.3827,1695337954.0,1
7.7064,226.5662,1695337959.0,1
7.9842,226.7683,1695337964.0,1
8.2365,226.9523,1695337969.0,1
8.514,227.1551,1695337975.0,1
8.7661,227.3396,1695337980.0,1
9.0433,227.543,1695337985.0,1
9.2952,227.7282,1695337990.0,1
9.547,227.9136,1695337995.0,1
9.8238,228.118,1695338001.0,1
10.0754,228.3042,1695338006.0,1
10.3268,228.4906,1695338011.0,1
10.6032,228.6962,1695338016.0,1
10.8543,228.8833,1695338021.0,1
11.1304,229.0896,1695338027.0,1
11.3812,229.2776,1695338032.0,1
11.6319,229.4659,1695338037.0,1
11.9076,229.6734,1695338042.0,1
12.158,229.8626,1695338047.0,1
12.4332,230.0711,1695338053.0,1
12.6833,230.261,1695338058.0,1
12.9581,230.4705,1695338063.0,1
13.2078,230.6613,1695338068.0,1
13.4823,230.8718,1695338074.0,1
13.7317,231.0635,1695338079.0,1
14.0057,231.275,1695338084.0,1
14.2546,231.4677,1695338089.0,1
14.5033,231.6609,1695338094.0,1
14.7767,231.874,1695338100.0,1
15.0251,232.0682,1695338105.0,1
15.2981,232.2825,1695338110.0,1
15.546,232.4778,1695338115.0,1
15.8185,232.6932,1695338121.0,1
16.066,232.8897,1695338126.0,1
16.3132,233.0867,1695338131.0,1
16.585,233.304,1695338136.0,1
16.8318,233.50209999999998,1695338141.0,1
17.103,233.7207,1695338147.0,1
17.3493,233.9201,1695338152.0,1
17.5954,234.12,1695338157.0,1
17.8658,234.3407,1695338162.0,1
18.1113,234.542,1695338167.0,1
18.3811,234.764,1695338173.0,1
18.6261,234.9666,1695338178.0,1
18.8709,235.1698,1695338183.0,1
19.1398,235.39409999999998,1695338188.0,1
19.384,235.5987,1695338193.0,1
19.6524,235.8247,1695338199.0,1
19.896,236.0307,1695338204.0,1
20.1394,236.2375,1695338209.0,1
20.4067,236.4658,1695338214.0,1
20.6494,236.6741,1695338219.0,1
20.916,236.904,1695338225.0,1
21.158,237.1138,1695338230.0,1
21.3998,237.3244,1695338235.0,1
21.6653,237.55689999999998,1695338240.0,1
21.9064,237.76909999999998,1695338245.0,1
22.1712,238.0035,1695338251.0,1
22.4116,238.2174,1695338256.0,1
22.6516,238.4321,1695338261.0,1
22.9153,238.6692,1695338267.0,1
23.1546,238.88569999999999,1695338272.0,1
23.3936,239.10309999999998,1695338277.0,1
23.656,239.3431,1695338282.0,1
23.8942,239.56220000000002,1695338287.0,1
24.1558,239.8043,1695338293.0,1
24.3932,240.02530000000002,1695338298.0,1
24.6539,240.2695,1695338303.0,1
24.8905,240.4924,1695338308.0,1
25.1267,240.7163,1695338313.0,1
25.386,240.96370000000002,1695338319.0,1
25.6213,241.18959999999998,1695338324.0,1
25.8797,241.4392,1695338329.0,1
26.1142,241.66719999999998,1695338334.0,1
26.3482,241.8961,1695338339.0,1
26.6051,242.1492,1695338345.0,1
26.8382,242.3803,1695338350.0,1
27.071,242.6125,1695338355.0,1
27.3264,242.8691,1695338360.0,1
27.5581,243.1035,1695338365.0,1
27.8125,243.3626,1695338371.0,1
28.0432,243.5992,1695338376.0,1
28.2734,243.837,1695338381.0,1
28.5261,244.0999,1695338386.0,1
28.7553,244.34,1695338391.0,1
29.0068,244.6055,1695338397.0,1
29.2349,244.8481,1695338402.0,1
29.4625,245.0919,1695338407.0,1
29.7123,245.3614,1695338412.0,1
29.9388,245.6077,1695338417.0,1
30.1873,245.88,1695338423.0,1
30.4127,246.1289,1695338428.0,1
30.6374,246.3789,1695338433.0,1
30.884,246.6554,1695338438.0,1
31.1075,246.9082,1695338443.0,1
31.3528,247.18779999999998,1695338449.0,1
31.5752,247.4433,1695338454.0,1
31.797,247.70010000000002,1695338459.0,1
32.0403,247.9842,1695338464.0,1
32.2607,248.2439,1695338469.0,1
32.5026,248.53109999999998,1695338475.0,1
32.7217,248.7936,1695338480.0,1
32.9402,249.0575,1695338485.0,1
33.1799,249.3495,1695338490.0,1
33.397,249.6164,1695338495.0,1
33.6351,249.9118,1695338501.0,1
33.8509,250.1818,1695338506.0,1
34.0659,250.45319999999998,1695338511.0,1
34.3017,250.7535,1695338516.0,1
34.5153,251.0281,1695338521.0,1
34.7494,251.33190000000002,1695338527.0,1
34.9614,251.6097,1695338532.0,1
35.1728,251.889,1695338537.0,1
35.4044,252.1981,1695338542.0,1
35.6142,252.4808,1695338547.0,1
35.8439,252.7935,1695338553.0,1
36.052,253.07940000000002,1695338558.0,1
36.2594,253.3671,1695338563.0,1
36.4865,253.68540000000002,1695338568.0,1
36.6922,253.9765,1695338573.0,1
36.8971,254.2693,1695338579.0,1
37.1215,254.5934,1695338584.0,1
37.3245,254.8897,1695338589.0,1
37.547,255.21769999999998,1695338595.0,1
37.7482,255.5177,1695338600.0,1
37.9487,255.8194,1695338605.0,1
38.1681,256.1533,1695338610.0,1
38.3666,256.4588,1695338615.0,1
38.5839,256.7968,1695338621.0,1
38.7805,257.10609999999997,1695338626.0,1
38.9763,257.4173,1695338631.0,1
39.1904,257.7615,1695338636.0,1
39.3841,258.0765,1695338641.0,1
39.5768,258.3933,1695338646.0,1
39.7877,258.744,1695338652.0,1
39.9784,259.0648,1695338657.0,1
40.1869,259.4199,1695338662.0,1
40.3754,259.74469999999997,1695338667.0,1
40.5628,260.0713,1695338672.0,1
40.7677,260.433,1695338678.0,1
40.9529,260.7638,1695338683.0,1
41.1555,261.13,1695338688.0,1
41.3384,261.46500000000003,1695338693.0,1
41.5203,261.802,1695338698.0,1
41.719,262.175,1695338704.0,1
41.8985,262.5163,1695338709.0,1
42.0768,262.8595,1695338714.0,1
42.2717,263.2395,1695338719.0,1
42.4476,263.5871,1695338724.0,1
42.6222,263.9367,1695338729.0,1
42.813,264.32370000000003,1695338735.0,1
42.9852,264.6777,1695338740.0,1
43.1732,265.0697,1695338745.0,1
43.3427,265.4282,1695338750.0,1
43.511,265.7887,1695338755.0,1
43.6947,266.1879,1695338761.0,1
43.8603,266.553,1695338766.0,1
44.0246,266.9202,1695338771.0,1
44.2038,267.3266,1695338776.0,1
44.3653,267.6984,1695338781.0,1
44.5413,268.1098,1695338787.0,1
44.7,268.48609999999996,1695338792.0,1
44.8572,268.8645,1695338797.0,1
45.0285,269.2833,1695338802.0,1
45.1828,269.6663,1695338807.0,1
45.3509,270.0902,1695338813.0,1
45.5021,270.4778,1695338818.0,1
45.6519,270.8676,1695338823.0,1
45.815,271.299,1695338828.0,1
45.9616,271.6934,1695338833.0,1
46.1067,272.09000000000003,1695338838.0,1
46.2646,272.5288,1695338844.0,1
46.4065,272.93,1695338849.0,1
46.5608,273.3738,1695338854.0,1
46.6994,273.7797,1695338859.0,1
46.8364,274.1876,1695338864.0,1
46.9853,274.639,1695338870.0,1
47.1189,275.0516,1695338875.0,1
47.264,275.508,1695338880.0,1
47.3941,275.9251,1695338885.0,1
47.5226,276.3444,1695338890.0,1
47.6619,276.80809999999997,1695338896.0,1
47.7868,277.2319,1695338901.0,1
47.9221,277.70050000000003,1695338907.0,1
48.0434,278.1288,1695338912.0,1
48.1747,278.6023,1695338917.0,1
48.2922,279.03499999999997,1695338922.0,1
48.4079,279.4696,1695338927.0,1
48.5331,279.9502,1695338933.0,1
48.645,280.3893,1695338938.0,1
48.755,280.83029999999997,1695338943.0,1
48.8739,281.3179,1695338948.0,1
48.9801,281.7632,1695338953.0,1
49.0947,282.2552,1695338959.0,1
49.1968,282.7046,1695338964.0,1
49.297,283.1559,1695338969.0,1
49.4051,283.6549,1695338974.0,1
49.5013,284.1102,1695338979.0,1
49.6048,284.6132,1695338985.0,1
49.6968,285.0724,1695338990.0,1
49.7868,285.53340000000003,1695338995.0,1
49.8835,286.04269999999997,1695339000.0,1
49.9693,286.5074,1695339005.0,1
50.0531,286.9739,1695339010.0,1
50.1429,287.4889,1695339016.0,1
50.2223,287.9587,1695339021.0,1
50.3073,288.4775,1695339026.0,1
50.3823,288.9508,1695339031.0,1
50.4553,289.42560000000003,1695339036.0,1
50.5331,289.94960000000003,1695339042.0,1
50.6016,290.4276,1695339047.0,1
50.6744,290.955,1695339052.0,1
50.7384,291.4359,1695339057.0,1
50.8003,291.9181,1695339062.0,1
50.8658,292.45,1695339068.0,1
50.923,292.935,1695339073.0,1
50.9781,293.421,1695339078.0,1
51.0361,293.9572,1695339083.0,1
51.0865,294.4457,1695339088.0,1
51.1394,294.9845,1695339094.0,1
51.1852,295.4752,1695339099.0,1
51.2287,295.967,1695339104.0,1
51.2739,296.509,1695339109.0,1
51.3127,297.0027,1695339114.0,1
51.3527,297.5467,1695339120.0,1
51.3868,298.0424,1695339125.0,1
51.4185,298.5385,1695339130.0,1
51.4508,299.0851,1695339135.0,1
51.4778,299.5827,1695339140.0,1
51.5048,300.1306,1695339146.0,1
51.5269,300.6293,1695339151.0,1
51.5467,301.12850000000003,1695339156.0,1
51.5659,301.6782,1695339161.0,1
51.5809,302.1782,1695339166.0,1
51.5936,302.6785,1695339171.0,1
51.6048,303.2293,1695339177.0,1
51.6127,303.7301,1695339182.0,1
51.6186,304.2813,1695339187.0,1
51.6216,304.7824,1695339192.0,1
51.6222,305.2836,1695339197.0,1
51.6202,305.8348,1695339203.0,1
51.616,306.3359,1695339208.0,1
51.6087,306.88689999999997,1695339213.0,1
51.5996,307.3876,1695339218.0,1
51.5882,307.8881,1695339224.0,1
51.573,308.4384,1695339229.0,1
51.5567,308.9382,1695339234.0,1
51.5382,309.4377,1695339239.0,1
51.5151,309.9865,1695339245.0,1
51.4917,310.485,1695339250.0,1
51.4633,311.0326,1695339255.0,1
51.4351,311.5298,1695339260.0,1
51.4046,312.0263,1695339265.0,1
51.3685,312.5716,1695339271.0,1
51.3332,313.0665,1695339276.0,1
51.2957,313.5606,1695339281.0,1
51.2518,314.1031,1695339286.0,1
51.2096,314.5953,1695339291.0,1
51.1605,315.1356,1695339297.0,1
51.1135,315.6258,1695339302.0,1
51.0644,316.1148,1695339307.0,1
51.0077,316.6515,1695339312.0,1
50.9539,317.1382,1695339317.0,1
50.8921,317.6722,1695339323.0,1
50.8337,318.1563,1695339328.0,1
50.7731,318.6392,1695339333.0,1
50.7039,319.1688,1695339338.0,1
50.6388,319.6488,1695339343.0,1
50.5715,320.1273,1695339348.0,1
50.495,320.6521,1695339354.0,1
50.4233,321.12760000000003,1695339359.0,1
50.3419,321.6489,1695339364.0,1
50.2657,322.1212,1695339369.0,1
50.1874,322.5922,1695339374.0,1
50.099,323.108,1695339380.0,1
50.0164,323.5751,1695339385.0,1
49.9232,324.0869,1695339390.0,1
49.8364,324.5505,1695339395.0,1
49.7475,325.0123,1695339400.0,1
49.6475,325.5183,1695339406.0,1
49.5544,325.9763,1695339411.0,1
49.4594,326.43240000000003,1695339416.0,1
49.3526,326.932,1695339421.0,1
49.2535,327.3843,1695339426.0,1
49.1423,327.8795,1695339432.0,1
49.0392,328.3276,1695339437.0,1
48.9341,328.7738,1695339442.0,1
48.8164,329.2625,1695339447.0,1
48.7074,329.7045,1695339452.0,1
48.5966,330.1445,1695339457.0,1
48.4726,330.6261,1695339463.0,1
48.358,331.0618,1695339468.0,1
48.2298,331.5387,1695339473.0,1
48.1114,331.97,1695339478.0,1
47.9912,332.3993,1695339483.0,1
47.857,332.8689,1695339489.0,1
47.7332,333.2937,1695339494.0,1
47.595,333.7585,1695339499.0,1
47.4676,334.1788,1695339504.0,1
47.3385,334.5969,1695339509.0,1
47.1945,335.0543,1695339515.0,1
47.062,335.4679,1695339520.0,1
46.9142,335.9202,1695339525.0,1
46.7782,336.3293,1695339530.0,1
46.6406,336.7362,1695339535.0,1
46.4874,337.1811,1695339541.0,1
46.3465,337.5833,1695339546.0,1
46.204,337.9833,1695339551.0,1
46.0455,338.4209,1695339557.0,1
45.8998,338.8163,1695339562.0,1
45.7378,339.2487,1695339567.0,1
45.589,339.6395,1695339572.0,1
45.4387,340.02819999999997,1695339577.0,1
45.2716,340.4533,1695339583.0,1
45.1182,340.8374,1695339588.0,1
44.9479,341.2572,1695339593.0,1
44.7916,341.6366,1695339598.0,1
44.6339,342.0139,1695339603.0,1
44.4588,342.4263,1695339609.0,1
44.2983,342.799,1695339614.0,1
44.1201,343.2064,1695339619.0,1
43.9567,343.5746,1695339624.0,1
43.792,343.9406,1695339629.0,1
43.6093,344.3407,1695339635.0,1
43.4419,344.7023,1695339640.0,1
43.2563,345.0975,1695339645.0,1
43.0863,345.4545,1695339650.0,1
42.8978,345.8448,1695339656.0,1
42.7252,346.1975,1695339661.0,1
42.5514,346.548,1695339666.0,1
42.3588,346.9312,1695339671.0,1
42.1824,347.2775,1695339676.0,1
42.0049,347.6217,1695339681.0,1
41.8083,347.9979,1695339687.0,1
41.6285,348.3378,1695339692.0,1
41.4293,348.7093,1695339697.0,1
41.2471,349.045,1695339702.0,1
41.0637,349.3786,1695339707.0,1
40.8608,349.7434,1695339713.0,1
40.6753,350.0729,1695339718.0,1
40.4698,350.4332,1695339723.0,1
40.282,350.7587,1695339728.0,1
40.0932,351.0823,1695339733.0,1
39.8843,351.4359,1695339739.0,1
39.6934,351.7554,1695339744.0,1
39.5015,352.073,1695339749.0,1
39.2892,352.4203,1695339754.0,1
39.0952,352.734,1695339759.0,1
38.8808,353.0769,1695339765.0,1
38.6849,353.3867,1695339770.0,1
38.488,353.6947,1695339775.0,1
38.2704,354.0315,1695339780.0,1
38.0716,354.3357,1695339785.0,1
37.852,354.6683,1695339791.0,1
37.6514,354.9688,1695339796.0,1
37.4499,355.2677,1695339801.0,1
37.2273,355.5944,1695339806.0,1
37.024,355.8895,1695339811.0,1
36.8199,356.183,1695339816.0,1
36.5944,356.5039,1695339822.0,1
36.3886,356.7939,1695339827.0,1
36.1613,357.111,1695339832.0,1
35.9538,357.3976,1695339837.0,1
35.7455,357.6825,1695339842.0,1
35.5155,357.9941,1695339848.0,1
35.3056,358.2756,1695339853.0,1
35.095,358.5556,1695339858.0,1
34.8624,358.8618,1695339863.0,1
34.6503,359.1386,1695339869.0,1
34.4161,359.4412,1695339874.0,1
34.2024,359.7148,1695339879.0,1
33.988,359.9868,1695339884.0,1
33.7515,0.2844,1695339890.0,2
33.5357,0.5533,1695339895.0,2
33.3192,0.8208,1695339900.0,2
33.0803,1.1134,1695339905.0,2
32.8625,1.3779,1695339910.0,2
32.6221,1.6672,1695339916.0,2
32.4029,1.9288,1695339921.0,2
32.1831,2.189,1695339926.0,2
31.9406,2.4736,1695339931.0,2
31.7195,2.731,1695339936.0,2
31.4756,3.0125,1695339942.0,2
31.2532,3.2671,1695339947.0,2
31.0303,3.5204,1695339952.0,2
30.7844,3.7975,1695339957.0,2
30.5603,4.0481,1695339962.0,2
30.3356,4.2975,1695339967.0,2
30.0878,4.5703,1695339973.0,2
29.8619,4.817,1695339978.0,2
29.6128,5.087,1695339983.0,2
29.3859,5.3312,1695339988.0,2
29.1585,5.5742,1695339993.0,2
28.9077,5.8401,1695339999.0,2
28.6792,6.0806,1695340004.0,2
28.4501,6.3201,1695340009.0,2
28.1976,6.5821,1695340014.0,2
27.9675,6.8192,1695340019.0,2
27.7139,7.0787,1695340025.0,2
27.4828,7.3135,1695340030.0,2
27.2513,7.5471,1695340035.0,2
26.996,7.803,1695340040.0,2
26.7636,8.0345,1695340045.0,2
26.5306,8.2649,1695340050.0,2
26.2739,8.5172,1695340056.0,2
26.0401,8.7455,1695340061.0,2
25.7824,8.9955,1695340066.0,2
25.5476,9.2217,1695340071.0,2
25.3125,9.4469,1695340076.0,2
25.0534,9.6936,1695340082.0,2
24.8174,9.9168,1695340087.0,2
24.5574,10.1613,1695340092.0,2
24.3206,10.3826,1695340097.0,2
24.0834,10.603,1695340102.0,2
23.822,10.8445,1695340108.0,2
23.5841,11.063,1695340113.0,2
23.3458,11.2807,1695340118.0,2
23.0832,11.5191,1695340123.0,2
22.8442,11.7349,1695340128.0,2
22.5808,11.9714,1695340134.0,2
22.341,12.1855,1695340139.0,2
22.1007,12.3989,1695340144.0,2
21.8362,12.6327,1695340149.0,2
21.5954,12.8443,1695340154.0,2
21.3543,13.0552,1695340159.0,2
21.0887,13.2862,1695340165.0,2
20.8469,13.4955,1695340170.0,2
20.5806,13.7248,1695340175.0,2
20.3381,13.9326,1695340180.0,2
20.0954,14.1396,1695340185.0,2
19.8281,14.3664,1695340191.0,2
19.5848,14.572,1695340196.0,2
19.3412,14.7768,1695340201.0,2
19.0729,15.0013,1695340207.0,2
18.8288,15.2048,1695340212.0,2
18.5599,15.4277,1695340217.0,2
18.3152,15.6298,1695340222.0,2
18.0702,15.8312,1695340227.0,2
17.8004,16.0521,1695340233.0,2
17.5547,16.2524,1695340238.0,2
17.309,16.4519,1695340243.0,2
17.0384,16.6707,1695340248.0,2
16.7921,16.869,1695340253.0,2
16.5211,17.0865,1695340259.0,2
16.2744,17.2835,1695340264.0,2
16.0274,17.4801,1695340269.0,2
15.7556,17.6957,1695340274.0,2
15.5082,17.8911,1695340279.0,2
15.2606,18.086,1695340284.0,2
14.9881,18.2998,1695340290.0,2
14.7401,18.4936,1695340295.0,2
14.467,18.7063,1695340300.0,2
14.2186,18.8991,1695340305.0,2
13.9701,19.0914,1695340310.0,2
13.6964,19.3024,1695340316.0,2
13.4474,19.4938,1695340321.0,2
13.1733,19.7038,1695340326.0,2
12.924,19.8943,1695340331.0,2
12.6745,20.0843,1695340336.0,2
12.3998,20.2929,1695340342.0,2
12.15,20.4821,1695340347.0,2
11.875,20.6897,1695340352.0,2
11.6249,20.878,1695340357.0,2
11.3746,21.066,1695340362.0,2
11.099,21.2723,1695340368.0,2
10.8484,21.4595,1695340373.0,2
10.5726,21.665,1695340378.0,2
10.3217,21.8515,1695340383.0,2
10.0707,22.0376,1695340388.0,2
9.7944,22.242,1695340394.0,2
9.5432,22.4274,1695340399.0,2
9.2918,22.6126,1695340404.0,2
9.0151,22.8159,1695340409.0,2
8.7635,23.0004,1695340414.0,2
8.5118,23.1847,1695340419.0,2
8.2348,23.387,1695340425.0,2
7.9828,23.5707,1695340430.0,2
7.7055,23.7725,1695340435.0,2
7.4534,23.9556,1695340440.0,2
7.2012,24.1385,1695340445.0,2
6.9236,24.3395,1695340451.0,2
6.6712,24.5219,1695340456.0,2
6.4187,24.7041,1695340461.0,2
6.1408,24.9044,1695340466.0,2
5.8882,25.0862,1695340471.0,2
5.6101,25.286,1695340477.0,2
5.3574,25.4674,1695340482.0,2
5.1045,25.6486,1695340487.0,2
4.8263,25.8479,1695340492.0,2
4.5733,26.0288,1695340497.0,2
4.3201,26.2097,1695340502.0,2
4.0416,26.4084,1695340508.0,2
3.7885,26.5889,1695340513.0,2
3.51,26.7873,1695340519.0,2
3.2567,26.9676,1695340524.0,2
3.0035,27.1478,1695340529.0,2
2.7248,27.3458,1695340534.0,2
2.4715,27.5258,1695340539.0,2
2.1928,27.7236,1695340545.0,2
1.9395,27.9034,1695340550.0,2
1.686,28.0832,1695340555.0,2
1.4073,28.2808,1695340560.0,2
1.1539,28.4605,1695340565.0,2
0.9004,28.64,1695340570.0,2
0.6216,28.8376,1695340576.0,2
0.3682,29.0171,1695340581.0,2
0.0894,29.2146,1695340586.0,2
-0.1641,29.3941,1695340591.0,2
-0.4176,29.5736,1695340596.0,2
-0.6963,29.7711,1695340602.0,2
-0.9497,29.9506,1695340607.0,2
-1.2031,30.1302,1695340612.0,2
-1.4818,30.3277,1695340617.0,2
-1.7352,30.5074,1695340622.0,2
-2.0139,30.7051,1695340628.0,2
-2.2672,30.8849,1695340633.0,2
-2.5205,31.0647,1695340638.0,2
-2.799,31.2626,1695340643.0,2
-3.0523,31.4426,1695340648.0,2
-3.3307,31.6407,1695340654.0,2
-3.5838,31.8209,1695340659.0,2
-3.8369,32.0012,1695340664.0,2
-4.1152,32.1997,1695340669.0,2
-4.3682,32.3803,1695340674.0,2
-4.6211,32.561,1695340679.0,2
-4.8992,32.7599,1695340685.0,2
-5.152,32.941,1695340690.0,2
-5.4299,33.1402,1695340695.0,2
-5.6825,33.3216,1695340700.0,2
-5.9351,33.5031,1695340705.0,2
-6.2127,33.703,1695340711.0,2
-6.4651,33.8849,1695340716.0,2
-6.7427,34.0853,1695340721.0,2
-6.9949,34.2676,1695340726.0,2
-7.247,34.4502,1695340731.0,2
-7.5242,34.6512,1695340737.0,2
-7.7761,34.8343,1695340742.0,2
-8.0279,35.0176,1695340747.0,2
-8.3048,35.2195,1695340752.0,2
-8.5564,35.4033,1695340757.0,2
-8.8079,35.5875,1695340762.0,2
-9.0843,35.7903,1695340768.0,2
-9.3355,35.9749,1695340773.0,2
-9.6118,36.1785,1695340778.0,2
-9.8628,36.3638,1695340783.0,2
-10.1136,36.5494,1695340788.0,2
-10.3893,36.754,1695340794.0,2
-10.6399,36.9403,1695340799.0,2
-10.9076,37.1404,1695340804.0,2
-11.1578,37.3274,1695340809.0,2
-11.433,37.5335,1695340815.0,2
-11.6829,37.7213,1695340820.0,2
-11.9577,37.9283,1695340825.0,2
-12.2073,38.1169,1695340830.0,2
-12.4817,38.3247,1695340836.0,2
-12.731,38.5142,1695340841.0,2
-12.98,38.704,1695340846.0,2
-13.2539,38.9133,1695340851.0,2
-13.5026,39.104,1695340856.0,2
-13.7511,39.2951,1695340861.0,2
-14.0243,39.5059,1695340867.0,2
-14.2724,39.698,1695340872.0,2
-14.5451,39.9098,1695340877.0,2
-14.7929,40.1029,1695340882.0,2
-15.0405,40.2965,1695340887.0,2
-15.3125,40.51,1695340893.0,2
-15.5596,40.7047,1695340898.0,2
-15.8065,40.8998,1695340903.0,2
-16.0778,41.1151,1695340908.0,2
-16.3243,41.3113,1695340913.0,2
-16.5951,41.5279,1695340919.0,2
-16.8411,41.7253,1695340924.0,2
-17.0868,41.9233,1695340929.0,2
-17.3568,42.1417,1695340934.0,2
-17.602,42.3409,1695340939.0,2
-17.8714,42.5607,1695340945.0,2
-18.1161,42.7612,1695340950.0,2
-18.3605,42.9623,1695340955.0,2
-18.6291,43.1842,1695340960.0,2
-18.8729,43.3866,1695340965.0,2
-19.1165,43.5897,1695340970.0,2
-19.3842,43.8139,1695340976.0,2
-19.6272,44.0183,1695340981.0,2
-19.8942,44.244,1695340987.0,2
-20.1366,44.4499,1695340992.0,2
-20.3788,44.6566,1695340997.0,2
-20.6448,44.8847,1695341002.0,2
-20.8863,45.0928,1695341007.0,2
-21.1274,45.3016,1695341012.0,2
-21.3924,45.5323,1695341018.0,2
-21.6329,45.7427,1695341023.0,2
-21.8971,45.9751,1695341028.0,2
-22.1369,46.1872,1695341033.0,2
-22.3764,46.4,1695341038.0,2
-22.6394,46.6351,1695341044.0,2
-22.8782,46.8496,1695341049.0,2
-23.1404,47.0865,1695341054.0,2
-23.3783,47.3028,1695341059.0,2
-23.616,47.5199,1695341064.0,2
-23.877,47.7598,1695341070.0,2
-24.1139,47.9788,1695341075.0,2
-24.374,48.2207,1695341080.0,2
-24.6101,48.4416,1695341085.0,2
-24.8693,48.6855,1695341091.0,2
-25.1045,48.9083,1695341096.0,2
-25.3394,49.132,1695341101.0,2
-25.5972,49.3792,1695341106.0,2
-25.8312,49.605,1695341111.0,2
-26.0881,49.8544,1695341117.0,2
-26.3211,50.0821,1695341122.0,2
-26.5538,50.3109,1695341127.0,2
-26.8092,50.5638,1695341132.0,2
-27.0409,50.7947,1695341137.0,2
-27.2722,51.0267,1695341142.0,2
-27.526,51.2831,1695341148.0,2
-27.7564,51.5173,1695341153.0,2
-28.0092,51.7762,1695341158.0,2
-28.2385,52.0127,1695341163.0,2
-28.4672,52.2502,1695341168.0,2
-28.7183,52.5129,1695341174.0,2
-28.9461,52.7528,1695341179.0,2
-29.1734,52.9939,1695341184.0,2
-29.4227,53.2605,1695341189.0,2
-29.6489,53.504,1695341194.0,2
-29.8971,53.7733,1695341200.0,2
-30.1221,54.0194,1695341205.0,2
-30.3466,54.2667,1695341210.0,2
-30.5929,54.5401,1695341215.0,2
-30.8163,54.7901,1695341220.0,2
-31.0613,55.0664,1695341226.0,2
-31.3056,55.3443,1695341231.0,2
-31.5271,55.5983,1695341236.0,2
-31.7479,55.8535,1695341241.0,2
-31.9902,56.1358,1695341247.0,2
-32.2098,56.3939,1695341252.0,2
-32.4507,56.6793,1695341257.0,2
-32.669,56.9401,1695341262.0,2
-32.8867,57.2025,1695341267.0,2
-33.1254,57.4926,1695341273.0,2
-33.3416,57.7578,1695341278.0,2
-33.5788,58.0511,1695341283.0,2
-33.7937,58.3193,1695341288.0,2
-34.0079,58.589,1695341293.0,2
-34.2427,58.8873,1695341299.0,2
-34.4554,59.16,1695341304.0,2
-34.6887,59.4618,1695341310.0,2
-34.8999,59.7378,1695341315.0,2
-35.1105,60.0152,1695341320.0,2
-35.3412,60.3221,1695341325.0,2
-35.5501,60.6028,1695341330.0,2
-35.7791,60.9135,1695341336.0,2
-35.9865,61.1974,1695341341.0,2
-36.193,61.483,1695341346.0,2
-36.4194,61.7991,1695341351.0,2
-36.6243,62.0881,1695341356.0,2
-36.8487,62.4079,1695341362.0,2
-37.052,62.7005,1695341367.0,2
-37.2543,62.9947,1695341372.0,2
-37.476,63.3203,1695341377.0,2
-37.6766,63.618,1695341382.0,2
-37.8962,63.9476,1695341388.0,2
-38.095,64.2489,1695341393.0,2
-38.2928,64.5521,1695341398.0,2
-38.5094,64.8876,1695341403.0,2
-38.7054,65.1945,1695341408.0,2
-38.9005,65.5032,1695341413.0,2
-39.114,65.8448,1695341419.0,2
-39.307,66.1574,1695341424.0,2
-39.5183,66.5033,1695341429.0,2
-39.7094,66.8197,1695341434.0,2
-39.8994,67.1379,1695341439.0,2
-40.1073,67.4902,1695341445.0,2
-40.2953,67.8124,1695341450.0,2
-40.5009,68.169,1695341455.0,2
-40.6867,68.4953,1695341460.0,2
-40.8715,68.8235,1695341465.0,2
-41.0734,69.1867,1695341471.0,2
-41.2559,69.519,1695341476.0,2
-41.4373,69.8532,1695341481.0,2
-41.6356,70.2231,1695341486.0,2
-41.8146,70.5615,1695341491.0,2
-42.0103,70.9361,1695341497.0,2
-42.187,71.2788,1695341502.0,2
-42.3626,71.6235,1695341507.0,2
-42.5543,72.005,1695341512.0,2
-42.7274,72.354,1695341517.0,2
-42.9164,72.7403,1695341523.0,2
-43.0869,73.0936,1695341528.0,2
-43.2562,73.449,1695341533.0,2
-43.441,73.8424,1695341538.0,2
-43.6077,74.2023,1695341543.0,2
-43.7896,74.6006,1695341549.0,2
-43.9536,74.9648,1695341554.0,2
-44.1163,75.3312,1695341559.0,2
-44.2937,75.7367,1695341564.0,2
-44.4536,76.1076,1695341569.0,2
-44.6122,76.4805,1695341574.0,2
-44.785,76.8933,1695341580.0,2
-44.9406,77.2707,1695341585.0,2
-45.1103,77.6885,1695341590.0,2
-45.263,78.0706,1695341595.0,2
-45.4293,78.4934,1695341601.0,2
-45.5791,78.8801,1695341606.0,2
-45.7273,79.2688,1695341611.0,2
-45.8887,79.699,1695341616.0,2
-46.0338,80.0923,1695341621.0,2
-46.1775,80.4878,1695341627.0,2
-46.3338,80.9256,1695341632.0,2
-46.4742,81.3256,1695341637.0,2
-46.6268,81.7682,1695341643.0,2
-46.764,82.1728,1695341648.0,2
-46.8995,82.5795,1695341653.0,2
-47.0467,83.0294,1695341658.0,2
-47.1789,83.4407,1695341663.0,2
-47.3223,83.8955,1695341669.0,2
-47.451,84.3113,1695341674.0,2
-47.5781,84.7292,1695341679.0,2
-47.7159,85.1913,1695341684.0,2
-47.8393,85.6137,1695341689.0,2
-47.9611,86.0381,1695341694.0,2
-48.093,86.5074,1695341700.0,2
-48.2111,86.9363,1695341705.0,2
-48.339,87.4103,1695341710.0,2
-48.4534,87.8435,1695341715.0,2
-48.566,88.2786,1695341720.0,2
-48.6877,88.7596,1695341726.0,2
-48.7965,89.199,1695341731.0,2
-48.914,89.6846,1695341736.0,2
-49.0189,90.1283,1695341741.0,2
-49.1321,90.6185,1695341747.0,2
-49.233,91.0661,1695341752.0,2
-49.332,91.5156,1695341757.0,2
-49.4387,92.0122,1695341762.0,2
-49.5337,92.4656,1695341767.0,2
-49.6359,92.9664,1695341773.0,2
-49.7268,93.4237,1695341778.0,2
-49.8244,93.9287,1695341783.0,2
-49.9111,94.3896,1695341788.0,2
-49.9958,94.8523,1695341793.0,2
-50.0866,95.3631,1695341799.0,2
-50.1671,95.8292,1695341804.0,2
-50.2532,96.3439,1695341809.0,2
-50.3293,96.8134,1695341814.0,2
-50.4034,97.2845,1695341819.0,2
-50.4824,97.8045,1695341825.0,2
-50.5521,98.2786,1695341830.0,2
-50.6262,98.8018,1695341835.0,2
-50.6915,99.2791,1695341840.0,2
-50.7607,99.8056,1695341846.0,2
-50.8215,100.2857,1695341851.0,2
-50.8801,100.767,1695341856.0,2
-50.942,101.2978,1695341861.0,2
-50.996,101.7817,1695341866.0,2
-51.0529,102.3153,1695341872.0,2
-51.1024,102.8016,1695341877.0,2
-51.1496,103.2889,1695341882.0,2
-51.199,103.8262,1695341887.0,2
-51.2416,104.3156,1695341892.0,2
-51.2859,104.855,1695341898.0,2
-51.3238,105.3463,1695341903.0,2
-51.3594,105.8384,1695341908.0,2
-51.396,106.3806,1695341913.0,2
-51.427,106.8743,1695341918.0,2
-51.4557,107.3686,1695341923.0,2
-51.4846,107.9131,1695341929.0,2
-51.5085,108.4088,1695341934.0,2
-51.5322,108.9545,1695341939.0,2
-51.5513,109.4512,1695341944.0,2
-51.5698,109.998,1695341950.0,2
-51.5841,110.4955,1695341955.0,2
-51.5962,110.9934,1695341960.0,2
-51.6068,111.5412,1695341966.0,2
-51.614,112.0394,1695341971.0,2
-51.6194,112.5876,1695341976.0,2
-51.6218,113.0861,1695341981.0,2
-51.6218,113.6345,1695341987.0,2
-51.6194,114.133,1695341992.0,2
-51.6148,114.6314,1695341997.0,2
-51.607,115.1795,1695342002.0,2
-51.5975,115.6777,1695342007.0,2
-51.5857,116.1756,1695342012.0,2
-51.5701,116.7228,1695342018.0,2
-51.5535,117.2198,1695342023.0,2
-51.5326,117.7662,1695342028.0,2
-51.5113,118.2624,1695342033.0,2
-51.4876,118.7581,1695342038.0,2
-51.459,119.3028,1695342044.0,2
-51.4306,119.7973,1695342049.0,2
-51.3999,120.2911,1695342054.0,2
-51.3636,120.8334,1695342059.0,2
-51.3282,121.3257,1695342064.0,2
-51.2866,121.8663,1695342070.0,2
-51.2466,122.3568,1695342075.0,2
-51.2042,122.8463,1695342080.0,2
-51.1551,123.3837,1695342085.0,2
-51.1081,123.8712,1695342090.0,2
-51.059,124.3577,1695342095.0,2
-51.0023,124.8916,1695342101.0,2
-50.9486,125.3757,1695342106.0,2
-50.8869,125.9069,1695342111.0,2
-50.8286,126.3884,1695342116.0,2
-50.7681,126.8687,1695342121.0,2
-50.6991,127.3955,1695342127.0,2
-50.6341,127.8729,1695342132.0,2
-50.5601,128.3966,1695342137.0,2
-50.4907,128.8712,1695342142.0,2
-50.4192,129.3443,1695342147.0,2
-50.3381,129.8629,1695342153.0,2
-50.2622,130.3327,1695342158.0,2
-50.1763,130.8478,1695342163.0,2
-50.0961,131.3142,1695342168.0,2
-50.0138,131.779,1695342173.0,2
-49.921,132.2883,1695342179.0,2
-49.8345,132.7496,1695342184.0,2
-49.7371,133.2551,1695342189.0,2
-49.6464,133.7127,1695342194.0,2
-49.5538,134.1685,1695342199.0,2
-49.4496,134.6679,1695342205.0,2
-49.3529,135.1198,1695342210.0,2
-49.2542,135.5699,1695342215.0,2
-49.1435,136.0629,1695342220.0,2
-49.0409,136.5089,1695342225.0,2
-48.9258,136.9974,1695342231.0,2
-48.8192,137.4394,1695342236.0,2
-48.7108,137.8794,1695342241.0,2
-48.5894,138.3611,1695342246.0,2
-48.4772,138.7969,1695342251.0,2
-48.3516,139.274,1695342257.0,2
-48.2355,139.7056,1695342262.0,2
-48.1178,140.135,1695342267.0,2
-47.9861,140.6051,1695342273.0,2
-47.8647,141.0302,1695342278.0,2
-47.7415,141.4532,1695342283.0,2
-47.604,141.9161,1695342288.0,2
-47.4772,142.3347,1695342293.0,2
-47.3359,142.7927,1695342299.0,2
-47.2056,143.2068,1695342304.0,2
-47.0737,143.6188,1695342309.0,2
-46.9267,144.0695,1695342314.0,2
-46.7914,144.477,1695342319.0,2
-46.6407,144.9227,1695342325.0,2
-46.5021,145.3256,1695342330.0,2
-46.3478,145.7664,1695342335.0,2
-46.2059,146.1647,1695342340.0,2
-46.0625,146.5609,1695342345.0,2
-45.903,146.9942,1695342351.0,2
-45.7565,147.3858,1695342356.0,2
-45.5935,147.814,1695342361.0,2
-45.4288,148.2397,1695342367.0,2
-45.2776,148.6243,1695342372.0,2
-45.1096,149.0449,1695342377.0,2
-44.9554,149.425,1695342382.0,2
-44.7997,149.803,1695342387.0,2
-44.6269,150.2163,1695342393.0,2
-44.4684,150.5897,1695342398.0,2
-44.2925,150.9981,1695342403.0,2
-44.1311,151.367,1695342408.0,2
-43.9684,151.7339,1695342413.0,2
-43.788,152.1349,1695342419.0,2
-43.6226,152.4973,1695342424.0,2
-43.4559,152.8576,1695342429.0,2
-43.2711,153.2515,1695342434.0,2
-43.1018,153.6074,1695342439.0,2
-42.9141,153.9965,1695342445.0,2
-42.7422,154.348,1695342450.0,2
-42.5691,154.6974,1695342455.0,2
-42.3773,155.0795,1695342460.0,2
-42.2017,155.4247,1695342465.0,2
-42.0072,155.802,1695342471.0,2
-41.8292,156.1429,1695342476.0,2
-41.6501,156.4818,1695342481.0,2
-41.4518,156.8522,1695342486.0,2
-41.2703,157.1869,1695342491.0,2
-41.0877,157.5195,1695342496.0,2
-40.8857,157.8833,1695342502.0,2
-40.7009,158.2119,1695342507.0,2
-40.4964,158.5711,1695342512.0,2
-40.3093,158.8957,1695342517.0,2
-40.1212,159.2185,1695342522.0,2
-39.9132,159.5712,1695342528.0,2
-39.7231,159.8899,1695342533.0,2
-39.5127,160.2383,1695342538.0,2
-39.3205,160.553,1695342543.0,2
-39.108,160.8972,1695342549.0,2
-38.9137,161.2081,1695342554.0,2
-38.7186,161.5172,1695342559.0,2
-38.5028,161.8551,1695342564.0,2
-38.3057,162.1605,1695342569.0,2
-38.1077,162.4641,1695342574.0,2
-37.8889,162.796,1695342580.0,2
-37.689,163.0959,1695342585.0,2
-37.4682,163.4238,1695342590.0,2
-37.2665,163.7201,1695342596.0,2
-37.064,164.0147,1695342601.0,2
-36.8402,164.3369,1695342606.0,2
-36.6359,164.628,1695342611.0,2
-36.4103,164.9463,1695342617.0,2
-36.2043,165.234,1695342622.0,2
-35.9769,165.5485,1695342627.0,2
-35.7693,165.8328,1695342632.0,2
-35.5609,166.1154,1695342637.0,2
-35.3308,166.4245,1695342643.0,2
-35.1208,166.7039,1695342648.0,2
-34.889,167.0094,1695342653.0,2
-34.6775,167.2856,1695342658.0,2
-34.4653,167.5602,1695342663.0,2
-34.231,167.8605,1695342669.0,2
-34.0173,168.1321,1695342674.0,2
-33.7814,168.429,1695342679.0,2
-33.5662,168.6974,1695342684.0,2
-33.3504,168.9644,1695342689.0,2
-33.1122,169.2565,1695342695.0,2
-32.895,169.5205,1695342700.0,2
-32.6553,169.8094,1695342705.0,2
-32.4367,170.0705,1695342710.0,2
-32.2175,170.3302,1695342715.0,2
-31.9756,170.6144,1695342721.0,2
-31.7551,170.8714,1695342726.0,2
-31.534,171.127,1695342731.0,2
-31.2901,171.4066,1695342736.0,2
-31.0678,171.6596,1695342741.0,2
-30.8225,171.9363,1695342747.0,2
-30.5989,172.1865,1695342752.0,2
-30.3748,172.4355,1695342757.0,2
-30.1276,172.7079,1695342762.0,2
-29.9023,172.9543,1695342767.0,2
-29.6539,173.224,1695342773.0,2
-29.4275,173.4679,1695342778.0,2
-29.2005,173.7106,1695342783.0,2
-28.9503,173.9762,1695342788.0,2
-28.7223,174.2165,1695342793.0,2
-28.4708,174.4796,1695342799.0,2
-28.2418,174.7175,1695342804.0,2
-28.0122,174.9543,1695342809.0,2
-27.7591,175.2136,1695342814.0,2
-27.5285,175.4482,1695342819.0,2
-27.2743,175.7049,1695342825.0,2
-27.0427,175.9372,1695342830.0,2
-26.7874,176.1916,1695342835.0,2
-26.5549,176.4218,1695342840.0,2
-26.2986,176.6738,1695342846.0,2
-26.0652,176.9018,1695342851.0,2
-25.8313,177.1288,1695342856.0,2
-25.5736,177.3774,1695342861.0,2
-25.3388,177.6025,1695342866.0,2
-25.0801,177.8489,1695342872.0,2
-24.8445,178.0719,1695342877.0,2
-24.6085,178.294,1695342882.0,2
-24.3484,178.5372,1695342887.0,2
-24.1115,178.7575,1695342892.0,2
-23.8506,178.9987,1695342898.0,2
-23.6129,179.217,1695342903.0,2
-23.3749,179.4345,1695342908.0,2
-23.1128,179.6727,1695342913.0,2
-22.874,179.8884,1695342918.0,2
-22.6349,180.1033,1695342924.0,2
-22.3715,180.3387,1695342929.0,2
-22.1317,180.5519,1695342934.0,2
-21.8675,180.7854,1695342940.0,2
-21.6269,180.9969,1695342945.0,2
-21.3861,181.2077,1695342950.0,2
-21.1208,181.4386,1695342955.0,2
-20.8792,181.6478,1695342960.0,2
-20.6132,181.877,1695342966.0,2
-20.3711,182.0846,1695342971.0,2
-20.1286,182.2915,1695342976.0,2
-19.8615,182.5183,1695342981.0,2
-19.6183,182.7238,1695342986.0,2
-19.3506,182.9491,1695342992.0,2
-19.1068,183.1531,1695342997.0,2
-18.8629,183.3565,1695343002.0,2
-18.5942,183.5795,1695343007.0,2
-18.3497,183.7815,1695343012.0,2
-18.0803,184.003,1695343018.0,2
-17.8353,184.2036,1695343023.0,2
-17.59,184.4037,1695343028.0,2
-17.3198,184.6232,1695343033.0,2
-17.0739,184.8221,1695343038.0,2
-16.8032,185.0402,1695343044.0,2
-16.5569,185.2378,1695343049.0,2
-16.2856,185.4546,1695343054.0,2
-16.0388,185.6511,1695343059.0,2
-15.7917,185.847,1695343064.0,2
-15.5197,186.062,1695343070.0,2
-15.2722,186.2569,1695343075.0,2
-15.0244,186.4513,1695343080.0,2
-14.7517,186.6645,1695343085.0,2
-14.5036,186.8578,1695343090.0,2
-14.2304,187.0699,1695343096.0,2
-13.9818,187.2623,1695343101.0,2
-13.7082,187.4734,1695343106.0,2
-13.4592,187.6648,1695343111.0,2
-13.2101,187.8557,1695343116.0,2
-12.9358,188.0653,1695343122.0,2
-12.6863,188.2554,1695343127.0,2
-12.4116,188.464,1695343132.0,2
-12.1617,188.6532,1695343137.0,2
-11.9117,188.842,1695343142.0,2
-11.6365,189.0493,1695343148.0,2
-11.3861,189.2373,1695343153.0,2
-11.1105,189.4438,1695343158.0,2
-10.8597,189.6311,1695343163.0,2
-10.6089,189.8181,1695343168.0,2
-10.3328,190.0233,1695343174.0,2
-10.0816,190.2096,1695343179.0,2
-9.8304,190.3955,1695343184.0,2
-9.5539,190.5996,1695343189.0,2
-9.3024,190.7848,1695343194.0,2
-9.0256,190.9883,1695343200.0,2
-8.7738,191.173,1695343205.0,2
-8.5219,191.3574,1695343210.0,2
-8.2447,191.5599,1695343215.0,2
-7.9926,191.7437,1695343220.0,2
-7.7152,191.9456,1695343226.0,2
-7.4629,192.1289,1695343231.0,2
-7.2105,192.312,1695343236.0,2
-6.9328,192.5131,1695343241.0,2
-6.6801,192.6957,1695343247.0,2
-6.4021,192.8964,1695343252.0,2
-6.1493,193.0785,1695343257.0,2
-5.8965,193.2605,1695343262.0,2
-5.6182,193.4605,1695343268.0,2
-5.3652,193.6422,1695343273.0,2
-5.0868,193.8417,1695343278.0,2
-4.8336,194.023,1695343283.0,2
-4.5804,194.2042,1695343288.0,2
-4.3017,194.4033,1695343294.0,2
-4.0483,194.5841,1695343299.0,2
-3.7696,194.7829,1695343304.0,2
-3.5161,194.9635,1695343309.0,2
-3.2626,195.144,1695343314.0,2
-2.9837,195.3424,1695343320.0,2
-2.7301,195.5227,1695343325.0,2
-2.4511,195.7209,1695343330.0,2
-2.1974,195.9011,1695343335.0,2
-1.9183,196.0992,1695343341.0,2
-1.6645,196.2792,1695343346.0,2
-1.4108,196.4592,1695343351.0,2
-1.1316,196.657,1695343356.0,2
-0.8778,196.8369,1695343361.0,2
-0.6239,197.0168,1695343366.0,2
-0.3447,197.2146,1695343372.0,2
-0.0909,197.3945,1695343377.0,2
0.1884,197.5923,1695343382.0,2
0.4423,197.7722,1695343387.0,2
0.6961,197.952,1695343392.0,2
0.9753,198.1499,1695343398.0,2
1.2292,198.3298,1695343403.0,2
1.483,198.5098,1695343408.0,2
1.7622,198.7078,1695343413.0,2
2.016,198.8878,1695343418.0,2
2.2951,199.086,1695343424.0,2
2.5488,199.2662,1695343429.0,2
2.8025,199.4465,1695343434.0,2
3.0816,199.6449,1695343439.0,2
3.3353,199.8255,1695343444.0,2
3.6143,200.0241,1695343450.0,2
3.8679,200.2049,1695343455.0,2
4.1214,200.3858,1695343460.0,2
4.4003,200.5849,1695343465.0,2
4.6537,200.766,1695343470.0,2
4.9071,200.9474,1695343475.0,2
5.1857,201.147,1695343481.0,2
5.439,201.3286,1695343486.0,2
5.7175,201.5286,1695343491.0,2
5.9706,201.7106,1695343496.0,2
6.2236,201.8928,1695343501.0,2
6.5018,202.0934,1695343507.0,2
6.7547,202.2761,1695343512.0,2
7.0327,202.4772,1695343517.0,2
7.2854,202.6603,1695343522.0,2
7.5381,202.8436,1695343527.0,2
7.8158,203.0455,1695343533.0,2
8.0682,203.2294,1695343538.0,2
8.3458,203.4319,1695343543.0,2
8.598,203.6163,1695343548.0,2
8.8501,203.801,1695343553.0,2
9.1272,204.0044,1695343559.0,2
9.3791,204.1897,1695343564.0,2
9.656,204.3938,1695343569.0,2
9.9076,204.5798,1695343574.0,2
10.1843,204.7846,1695343580.0,2
10.4356,204.9713,1695343585.0,2
10.6868,205.1582,1695343590.0,2
10.963,205.3642,1695343596.0,2
11.214,205.5519,1695343601.0,2
11.4648,205.74,1695343606.0,2
11.7404,205.9472,1695343611.0,2
11.9908,206.136,1695343616.0,2
12.2411,206.3253,1695343621.0,2
12.5163,206.5339,1695343627.0,2
12.7663,206.724,1695343632.0,2
13.0411,206.9336,1695343637.0,2
13.2907,207.1245,1695343642.0,2
13.5402,207.316,1695343647.0,2
13.8144,207.5271,1695343653.0,2
14.0635,207.7194,1695343658.0,2
14.3373,207.9316,1695343663.0,2
14.5859,208.125,1695343668.0,2
14.8344,208.3188,1695343673.0,2
15.1076,208.5326,1695343679.0,2
15.3557,208.7275,1695343684.0,2
15.6283,208.9425,1695343689.0,2
15.8759,209.1385,1695343694.0,2
16.1234,209.3351,1695343699.0,2
16.3953,209.5519,1695343705.0,2
16.6422,209.7496,1695343710.0,2
16.8889,209.9479,1695343715.0,2
17.1601,210.1666,1695343720.0,2
17.4063,210.3661,1695343725.0,2
17.6768,210.5862,1695343731.0,2
17.9226,210.7869,1695343736.0,2
18.1926,211.0085,1695343741.0,2
18.4378,211.2106,1695343746.0,2
18.7072,211.4336,1695343752.0,2
18.9519,211.637,1695343757.0,2
19.1963,211.8411,1695343762.0,2
19.4648,212.0664,1695343767.0,2
19.7086,212.2719,1695343772.0,2
19.9765,212.4988,1695343778.0,2
20.2197,212.7058,1695343783.0,2
20.4626,212.9135,1695343788.0,2
20.7295,213.1428,1695343793.0,2
20.9718,213.352,1695343798.0,2
21.238,213.5831,1695343804.0,2
21.4796,213.7939,1695343809.0,2
21.7209,214.0055,1695343814.0,2
21.986,214.2392,1695343819.0,2
22.2266,214.4525,1695343824.0,2
22.4669,214.6665,1695343829.0,2
22.7309,214.903,1695343835.0,2
22.9704,215.1188,1695343840.0,2
23.2335,215.3571,1695343845.0,2
23.4723,215.5746,1695343850.0,2
23.7108,215.7931,1695343855.0,2
23.9727,216.0345,1695343861.0,2
24.2104,216.2548,1695343866.0,2
24.4714,216.4982,1695343871.0,2
24.7083,216.7204,1695343876.0,2
24.9448,216.9436,1695343881.0,2
25.2045,217.1901,1695343887.0,2
25.4401,217.4153,1695343892.0,2
25.6988,217.664,1695343897.0,2
25.9336,217.8912,1695343902.0,2
26.1914,218.1423,1695343908.0,2
26.4252,218.3716,1695343913.0,2
26.6587,218.6019,1695343918.0,2
26.9149,218.8564,1695343924.0,2
27.1474,219.0889,1695343929.0,2
27.3795,219.3224,1695343934.0,2
27.6342,219.5805,1695343939.0,2
27.8653,219.8164,1695343944.0,2
28.1189,220.0771,1695343950.0,2
28.3489,220.3152,1695343955.0,2
28.5785,220.5545,1695343960.0,2
28.8304,220.8189,1695343965.0,2
29.059,221.0606,1695343970.0,2
29.287,221.3035,1695343975.0,2
29.5371,221.5719,1695343981.0,2
29.764,221.8173,1695343986.0,2
30.013,222.0885,1695343991.0,2
30.2388,222.3364,1695343996.0,2
30.464,222.5856,1695344001.0,2
30.7111,222.8611,1695344007.0,2
30.9351,223.1129,1695344012.0,2
31.1809,223.3913,1695344017.0,2
31.4037,223.6458,1695344022.0,2
31.6259,223.9015,1695344027.0,2
31.8696,224.1844,1695344033.0,2
32.0906,224.4431,1695344038.0,2
32.3329,224.7291,1695344043.0,2
32.5526,224.9905,1695344048.0,2
32.7716,225.2534,1695344053.0,2
33.0118,225.5442,1695344059.0,2
33.2294,225.81,1695344064.0,2
33.4465,226.0773,1695344069.0,2
33.6844,226.373,1695344074.0,2
33.9,226.6432,1695344079.0,2
34.1363,226.9423,1695344085.0,2
34.3504,227.2157,1695344090.0,2
34.5851,227.5182,1695344095.0,2
34.7978,227.7949,1695344100.0,2
35.0097,228.0731,1695344105.0,2
35.2421,228.381,1695344111.0,2
35.4523,228.6623,1695344116.0,2
35.6619,228.9453,1695344121.0,2
35.8915,229.2584,1695344126.0,2
36.0995,229.5448,1695344131.0,2
36.3273,229.8617,1695344137.0,2
36.5336,230.1516,1695344142.0,2
36.7595,230.4722,1695344147.0,2
36.9641,230.7656,1695344152.0,2
37.1678,231.0606,1695344157.0,2
37.391,231.3871,1695344163.0,2
37.593,231.6858,1695344168.0,2
37.794,231.9862,1695344173.0,2
38.0142,232.3186,1695344178.0,2
38.2135,232.6227,1695344183.0,2
38.4316,232.9592,1695344189.0,2
38.6289,233.2671,1695344194.0,2
38.8449,233.6078,1695344199.0,2
39.0402,233.9194,1695344204.0,2
39.2346,234.2329,1695344209.0,2
39.4474,234.5799,1695344215.0,2
39.6398,234.8973,1695344220.0,2
39.8502,235.2486,1695344225.0,2
40.0405,235.57,1695344231.0,2
40.2297,235.8933,1695344236.0,2
40.4367,236.2511,1695344241.0,2
40.6238,236.57850000000002,1695344246.0,2
40.8099,236.9078,1695344251.0,2
41.0133,237.2722,1695344257.0,2
41.1971,237.6057,1695344262.0,2
41.398,237.97480000000002,1695344267.0,2
41.5795,238.3125,1695344272.0,2
41.7599,238.6523,1695344277.0,2
41.957,239.0282,1695344283.0,2
42.135,239.37220000000002,1695344288.0,2
42.3294,239.7529,1695344293.0,2
42.5049,240.1012,1695344298.0,2
42.6792,240.4515,1695344303.0,2
42.8695,240.83929999999998,1695344309.0,2
43.0413,241.19400000000002,1695344314.0,2
43.2118,241.55079999999998,1695344319.0,2
43.3979,241.9457,1695344324.0,2
43.5658,242.30700000000002,1695344329.0,2
43.7489,242.7068,1695344335.0,2
43.9141,243.0725,1695344340.0,2
44.0779,243.4404,1695344345.0,2
44.2566,243.8475,1695344350.0,2
44.4176,244.22,1695344355.0,2
44.5932,244.63209999999998,1695344361.0,2
44.7514,245.0091,1695344366.0,2
44.9081,245.38819999999998,1695344371.0,2
45.079,245.8078,1695344376.0,2
45.2328,246.19150000000002,1695344381.0,2
45.4003,246.61610000000002,1695344387.0,2
45.5511,247.0045,1695344392.0,2
45.7004,247.39499999999998,1695344397.0,2
45.8629,247.8271,1695344402.0,2
46.0091,248.22230000000002,1695344407.0,2
46.1681,248.65949999999998,1695344413.0,2
46.3111,249.0592,1695344418.0,2
46.4525,249.46120000000002,1695344423.0,2
46.6062,249.9059,1695344428.0,2
46.7443,250.3125,1695344433.0,2
46.8808,250.7212,1695344438.0,2
47.0291,251.17340000000002,1695344444.0,2
47.1621,251.5867,1695344449.0,2
47.3066,252.0438,1695344454.0,2
47.4362,252.4616,1695344459.0,2
47.5768,252.9237,1695344465.0,2
47.7028,253.3461,1695344470.0,2
47.8271,253.7706,1695344475.0,2
47.9619,254.24,1695344480.0,2
48.0825,254.6689,1695344485.0,2
48.2132,255.1431,1695344491.0,2
48.3301,255.5764,1695344496.0,2
48.4452,256.0118,1695344501.0,2
48.5697,256.4931,1695344506.0,2
48.681,256.9328,1695344511.0,2
48.8013,257.4189,1695344517.0,2
48.9087,257.8628,1695344522.0,2
49.0143,258.3088,1695344527.0,2
49.1282,258.8016,1695344532.0,2
49.2297,259.2517,1695344537.0,2
49.3392,259.749,1695344543.0,2
49.4366,260.203,1695344548.0,2
49.5321,260.6589,1695344553.0,2
49.6349,261.1625,1695344559.0,2
49.7263,261.6223,1695344564.0,2
49.8245,262.13009999999997,1695344569.0,2
49.9116,262.5936,1695344574.0,2
50.0051,263.10540000000003,1695344580.0,2
50.088,263.5724,1695344585.0,2
50.1688,264.04110000000003,1695344590.0,2
50.2553,264.5586,1695344595.0,2
50.3318,265.0308,1695344600.0,2
50.4135,265.5521,1695344606.0,2
50.4855,266.02750000000003,1695344611.0,2
50.5555,266.50440000000003,1695344616.0,2
50.6299,267.0307,1695344621.0,2
50.6954,267.5106,1695344626.0,2
50.7649,268.0402,1695344632.0,2
50.8258,268.523,1695344637.0,2
50.8903,269.0559,1695344642.0,2
50.9466,269.5413,1695344647.0,2
51.006,270.0767,1695344653.0,2
51.0577,270.5645,1695344658.0,2
51.1072,271.0535,1695344663.0,2
51.159,271.5926,1695344668.0,2
51.2038,272.0837,1695344673.0,2
51.2505,272.6251,1695344679.0,2
51.2906,273.1183,1695344684.0,2
51.3321,273.66179999999997,1695344689.0,2
51.3674,274.1568,1695344694.0,2
51.4004,274.6526,1695344699.0,2
51.4342,275.1989,1695344705.0,2
51.4624,275.696,1695344710.0,2
51.4909,276.2437,1695344715.0,2
51.5144,276.7422,1695344720.0,2
51.5355,277.2411,1695344725.0,2
51.5561,277.7904,1695344731.0,2
51.5724,278.2902,1695344736.0,2
51.5877,278.8404,1695344741.0,2
51.5992,279.341,1695344746.0,2
51.6084,279.8417,1695344751.0,2
51.6158,280.3927,1695344757.0,2
51.62,280.8938,1695344762.0,2
51.6221,281.445,1695344767.0,2
51.6215,281.9461,1695344772.0,2
51.6186,282.4472,1695344777.0,2
51.6128,282.9983,1695344783.0,2
51.605,283.4992,1695344788.0,2
51.5938,284.0498,1695344793.0,2
51.5812,284.5501,1695344798.0,2
51.5663,285.0502,1695344803.0,2
51.5472,285.5997,1695344809.0,2
51.5274,286.099,1695344814.0,2
51.5053,286.59770000000003,1695344819.0,2
51.4784,287.14570000000003,1695344824.0,2
51.4515,287.6432,1695344829.0,2
51.4193,288.1898,1695344835.0,2
51.3876,288.6859,1695344840.0,2
51.3537,289.18129999999996,1695344845.0,2
51.3137,289.7254,1695344850.0,2
51.275,290.219,1695344855.0,2
51.2298,290.76099999999997,1695344861.0,2
51.1864,291.2527,1695344866.0,2
51.1407,291.7433,1695344871.0,2
51.0879,292.282,1695344876.0,2
51.0376,292.7704,1695344881.0,2
50.985,293.2578,1695344887.0,2
50.9247,293.7926,1695344892.0,2
50.8675,294.2774,1695344897.0,2
50.8021,294.80920000000003,1695344903.0,2
50.7404,295.2914,1695344908.0,2
50.6764,295.7722,1695344913.0,2
50.6037,296.2995,1695344918.0,2
50.5353,296.77729999999997,1695344923.0,2
50.4576,297.3012,1695344929.0,2
50.3847,297.7759,1695344934.0,2
50.3097,298.2491,1695344939.0,2
50.2249,298.7677,1695344944.0,2
50.1456,299.2375,1695344949.0,2
50.0559,299.7524,1695344955.0,2
49.9723,300.2186,1695344960.0,2
49.8779,300.72950000000003,1695344965.0,2
49.79,301.1922,1695344970.0,2
49.691,301.699,1695344976.0,2
49.5989,302.1579,1695344981.0,2
49.4953,302.6606,1695344986.0,2
49.3991,303.1157,1695344991.0,2
49.2909,303.614,1695344997.0,2
49.1906,304.0653,1695345002.0,2
49.078,304.5592,1695345007.0,2
48.9737,305.0063,1695345012.0,2
48.8675,305.4512,1695345017.0,2
48.7485,305.9384,1695345023.0,2
48.6383,306.37919999999997,1695345028.0,2
48.5151,306.8616,1695345033.0,2
48.4012,307.298,1695345038.0,2
48.2854,307.7324,1695345043.0,2
48.156,308.2079,1695345049.0,2
48.0365,308.6377,1695345054.0,2
47.9031,309.1082,1695345059.0,2
47.7799,309.5338,1695345064.0,2
47.655,309.9573,1695345069.0,2
47.5156,310.4205,1695345075.0,2
47.3871,310.8395,1695345080.0,2
47.2439,311.2978,1695345085.0,2
47.1119,311.7123,1695345090.0,2
46.9783,312.1245,1695345095.0,2
46.8294,312.5754,1695345101.0,2
46.6924,312.9831,1695345106.0,2
46.5399,313.4289,1695345111.0,2
46.3996,313.832,1695345116.0,2
46.2577,314.2328,1695345121.0,2
46.0998,314.6713,1695345127.0,2
45.9547,315.0675,1695345132.0,2
45.7933,315.5008,1695345137.0,2
45.6301,315.9315,1695345143.0,2
45.4802,316.3207,1695345148.0,2
45.3289,316.7077,1695345153.0,2
45.1607,317.131,1695345158.0,2
45.0063,317.5134,1695345163.0,2
44.8349,317.9316,1695345169.0,2
44.6776,318.3094,1695345174.0,2
44.5189,318.685,1695345179.0,2
44.3427,319.0958,1695345184.0,2
44.1812,319.4669,1695345189.0,2
44.0019,319.8726,1695345195.0,2
43.8376,320.2393,1695345200.0,2
43.6553,320.6401,1695345205.0,2
43.4882,321.0022,1695345211.0,2
43.3199,321.36220000000003,1695345216.0,2
43.1333,321.7558,1695345221.0,2
42.9623,322.1114,1695345226.0,2
42.7728,322.5001,1695345232.0,2
42.5993,322.8512,1695345237.0,2
42.4246,323.20029999999997,1695345242.0,2
42.231,323.5819,1695345247.0,2
42.0539,323.9267,1695345252.0,2
41.8576,324.3036,1695345258.0,2
41.678,324.6441,1695345263.0,2
41.4792,325.0162,1695345268.0,2
41.2972,325.3524,1695345273.0,2
41.1142,325.6866,1695345278.0,2
40.9116,326.052,1695345284.0,2
40.7262,326.3822,1695345289.0,2
40.5212,326.7431,1695345294.0,2
40.3337,327.0691,1695345299.0,2
40.1451,327.3932,1695345304.0,2
39.9365,327.74739999999997,1695345310.0,2
39.7267,328.0994,1695345315.0,2
39.535,328.4174,1695345320.0,2
39.3422,328.7334,1695345325.0,2
39.1291,329.0789,1695345331.0,2
38.9344,329.3911,1695345336.0,2
38.7191,329.7323,1695345341.0,2
38.5224,330.0407,1695345346.0,2
38.3248,330.3472,1695345351.0,2
38.1063,330.68240000000003,1695345357.0,2
37.9068,330.9852,1695345362.0,2
37.7064,331.2862,1695345367.0,2
37.485,331.6153,1695345372.0,2
37.2828,331.9127,1695345377.0,2
37.0594,332.2379,1695345383.0,2
36.8554,332.5317,1695345388.0,2
36.6506,332.8238,1695345393.0,2
36.4038,333.1722,1695345399.0,2
36.1972,333.4607,1695345404.0,2
35.9898,333.7475,1695345409.0,2
35.7608,334.0612,1695345414.0,2
35.5518,334.3447,1695345419.0,2
35.321,334.6546,1695345425.0,2
35.1104,334.9348,1695345430.0,2
34.8991,335.2133,1695345435.0,2
34.6658,335.5179,1695345440.0,2
34.453,335.7933,1695345445.0,2
34.2394,336.0671,1695345450.0,2
34.0037,336.3666,1695345456.0,2
33.7887,336.6373,1695345461.0,2
33.5514,336.9333,1695345466.0,2
33.335,337.2009,1695345471.0,2
33.1179,337.4671,1695345476.0,2
32.8784,337.7583,1695345482.0,2
32.6599,338.0215,1695345487.0,2
32.4188,338.3095,1695345492.0,2
32.1991,338.5698,1695345497.0,2
31.9787,338.8287,1695345502.0,2
31.7355,339.112,1695345508.0,2
31.5139,339.3681,1695345513.0,2
31.2693,339.6484,1695345518.0,2
31.0465,339.9017,1695345523.0,2
30.823,340.1538,1695345528.0,2
30.5765,340.4296,1695345534.0,2
30.3519,340.679,1695345539.0,2
